Workbook

Sheet env data
A2: Date | B2: Waterbody | C2: Waterbody.edit | D2: Phycocyanin WHW | E2: Phycocyanin >50 | F2: Phycocyanin BFC | G2: Chlorophyll WHW | H2: Chlorophyll >50 | I2: Chlorophyll BFC | J2: Particles/ML | K2: Cyanobacteria Density | L2: Dominance | M2: Notes
A3: 45045 | B3: Bell Pond | C3: Bell | D3: 2.351 | E3: 1.2806667 | G3: 6.1632222 | H3: 6.7832222 | J3: 4.41 | K3: none | L3: none
A4: 45045 | B4: Burncoat Pond | C4: Burncoat | D4: 16.543222 | E4: 16.948778 | F4: 84.017667 | G4: 97.937 | H4: 97.065889 | I4: 139.77367 | J4: 498.35 | K4: low | L4: Dolichospermum (10%), Microcystis (90%)
A5: 45045 | B5: Coes Pond | C5: Coes.P | J5: NA | K5: NA | L5: NA
A6: 45045 | B6: Coes Reservoir | C6: Coes.R | D6: 4.8445556 | E6: 2.9892222 | G6: 17.657 | H6: 12.182667 | J6: 68.97 | K6: none | L6: none
A7: 45045 | B7: Cooks Pond | C7: Crooks | D7: -0.11555556 | E7: 3.5223333 | F7: -2.648 | G7: 15.419111 | H7: 14.596889 | I7: 14.088 | J7: 38.53 | K7: none | L7: none
A8: 45045 | B8: Crystal Pond | C8: Crystal | D8: 19.541 | E8: 12.456556 | F8: 18.734333 | G8: 26.882889 | H8: 20.194 | I8: 48.777333 | J8: 568.21 | K8: none | L8: none
A9: 45045 | B9: Curtis Pond | C9: Curtis | D9: 0 | E9: 0 | F9: 0 | G9: 0 | H9: 0 | I9: 0 | J9: 0 | K9: NA | L9: 0
A10: 45045 | B10: Dark Brook Reservoir | C10: Dark.Brook | J10: NA | K10: NA | L10: NA
A11: 45045 | B11: East Lake Waushacum | C11: E.Waushacum | J11: NA | K11: NA | L11: NA
A12: 45045 | B12: Ecotarium Pond | C12: Ecotarium | J12: NA | K12: NA | L12: NA
A13: 45045 | B13: Elm Park Pond | C13: Elm | J13: NA | K13: NA | L13: NA
A14: 45045 | B14: Farm Pond | C14: Farm | D14: 0.50477778 | E14: 2.2221111 | F14: 3.644 | G14: 3.7483333 | H14: 4.4795556 | I14: 5.2653333 | J14: 12.94 | K14: none | L14: none
A15: 45045 | B15: Flint Pond | C15: Flint | J15: NA | K15: NA | L15: NA
A16: 45045 | B16: Green Hill Park Pond | C16: Green.Hill | D16: -0.145 | E16: 0.136 | G16: 11.339778 | H16: 9.7204444 | J16: 25.03 | K16: none | L16: none
A17: 45045 | B17: Indian Lake | C17: Indian | D17: 4.043 | E17: 3.402 | G17: 16.357 | H17: 14.124778 | J17: 213.1 | K17: low | L17: Microcystis (20%), Microcystis Debris (80%)
A18: 45045 | B18: Jordan Pond | C18: Jordan | D18: 5.1678889 | E18: 3.3727778 | F18: 5.6776667 | G18: 7.1325556 | H18: 5.5807778 | I18: 13.914667 | J18: 24.96 | K18: none | L18: none
A19: 45045 | B19: Kiver Pond | C19: Kiver | D19: 23.033556 | E19: 3.635 | G19: 109.57656 | H19: 11.813222 | J19: 157.53 | K19: low | L19: Microcystis (100%)
A20: 45045 | B20: Lake Chauncy | C20: Chauncy | D20: 7.2714444 | E20: 7.4481111 | G20: 10.384667 | H20: 12.619333 | J20: 12.05 | K20: low | L20: Aphanizomenon (100%)
A21: 45045 | B21: Lake Lashaway | C21: Lashaway | D21: 4.6396667 | E21: 3.1977778 | F21: 81.184333 | G21: 13.376889 | H21: 11.408 | I21: 26.341333 | J21: 28.99 | K21: low | L21: Microcystis Debris (100%)
A22: 45045 | B22: Lake Quinsigamond | C22: Quinsigamond | D22: 1.2874444 | E22: 1.0801111 | G22: 12.117444 | H22: 8.7236667 | J22: 20.95 | K22: none | L22: none
A23: 45045 | B23: Leeseville Pond | C23: Leesville | D23: 13.050333 | E23: 6.7688889 | G23: 21.133333 | H23: 9.3672222 | J23: 126.95 | K23: none | L23: none
A24: 45045 | B24: Little Indian Lake | C24: L.Indian | D24: 2.9737778 | E24: 2.3368889 | G24: 36.066889 | H24: 36.086889 | J24: 226.86 | K24: low | L24: Dolichospermum (100%)
A25: 45045 | B25: Manchaug Pond | C25: Manchaug | D25: 0.38366667 | E25: 0.25822222 | F25: 48.568333 | G25: 8.5146667 | H25: 8.6663333 | I25: 40.779667 | J25: 48.33 | K25: none | L25: none
A26: 45045 | B26: Newton Pond | C26: Newton | D26: -1.504 | E26: -0.042555556 | G26: 3.6343333 | H26: 3.8885556 | J26: 26.74 | K26: none | L26: none
A27: 45045 | B27: Patch Pond | C27: Patch.P | D27: 9.476 | E27: 3.7788889 | F27: 233.013 | G27: 12.857667 | H27: 8.9465556 | I27: 136.79433 | J27: 75.8 | K27: none | L27: none
A28: 45045 | B28: Patch Reservoir | C28: Patch.R | D28: 0.35877778 | E28: -1.3498889 | G28: 7.6188889 | H28: 5.9623333 | J28: 57.23 | K28: low | L28: Microcystis (100%)
A29: 45045 | B29: Salisbury Pond | C29: Salisbury | D29: 4.6283333 | E29: 7.218 | F29: 6.0253333 | G29: 21.621889 | H29: 20.903 | I29: 18.153 | J29: 191.33 | K29: low | L29: Microcystis (90%), Microcystis Debris (10%)
A30: 45045 | B30: Singletary Lake | C30: Singletary | J30: NA | K30: NA | L30: NA
A31: 45045 | B31: Stevens Pond | C31: Stevens | D31: -0.41922222 | E31: -1.9695556 | G31: 4.4735556 | H31: 3.2982222 | J31: 30.12 | K31: none | L31: none
A32: 45045 | B32: Stoneville Pond | C32: Stoneville | J32: NA | K32: NA | L32: NA
A33: 45061 | B33: Bell Pond | C33: Bell | D33: 1.0301111 | E33: 3.3594444 | G33: 2.4355556 | H33: 2.5507778 | J33: 57 | K33: none | L33: none
A34: 45061 | B34: Burncoat Pond | C34: Burncoat | D34: 48.904444 | E34: 32.347778 | G34: 204.06389 | H34: 170.49722 | J34: 561 | K34: none | L34: none
A35: 45061 | B35: Coes Pond | C35: Coes.P | J35: NA | K35: NA | L35: NA
A36: 45061 | B36: Coes Reservoir | C36: Coes.R | D36: 1.4857778 | E36: -0.28333333 | G36: 8.8126667 | H36: 7.665 | J36: 105 | K36: low | L36: Dolichospermum (100%)
A37: 45061 | B37: Cooks Pond | C37: Crooks | D37: -0.97066667 | E37: 0.26377778 | G37: 12.330333 | H37: 12.855889 | J37: 42 | K37: none | L37: none
A38: 45061 | B38: Crystal Pond | C38: Crystal | D38: 7.9986667 | E38: 13.325333 | G38: 26.072333 | H38: 26.945667 | J38: 652 | K38: none | L38: none
A39: 45061 | B39: Curtis Pond | C39: Curtis | D39: 1.9157778 | E39: 3.2421111 | G39: 15.705889 | H39: 23.688111 | J39: 383 | K39: low | L39: Dolichospermum (10%), Microcystis (10%), Microcystis Debris (80%)
A40: 45061 | B40: Dark Brook Reservoir | C40: Dark.Brook | J40: NA | K40: NA | L40: NA
A41: 45061 | B41: East Lake Waushacum | C41: E.Waushacum | D41: -2.6191111 | E41: 0.090666667 | G41: 4.9136667 | H41: 4.4601111 | J41: 44 | K41: none | L41: none
A42: 45061 | B42: Ecotarium Pond | C42: Ecotarium | D42: 31.521222 | E42: 11.347889 | G42: 123.74122 | H42: 40.929 | J42: 259 | K42: none | L42: none
A43: 45061 | B43: Elm Park Pond | C43: Elm | D43: 99.654667 | E43: 73.066889 | G43: 261.12767 | H43: 246.88322 | J43: 1999 | K43: some | L43: Dolichospermum (80%), Microcystis Debris (20%)
A44: 45061 | B44: Farm Pond | C44: Farm | J44: NA | K44: NA | L44: NA
A45: 45061 | B45: Flint Pond | C45: Flint | J45: NA | K45: NA | L45: NA
A46: 45061 | B46: Green Hill Park Pond | C46: Green.Hill | D46: 8.6475556 | E46: 4.2257778 | G46: 14.829222 | H46: 11.668 | J46: 39 | K46: none | L46: none
A47: 45061 | B47: Indian Lake | C47: Indian | D47: 12.704444 | E47: 11.646667 | G47: 31.248778 | H47: 28.439889 | J47: 1080 | K47: low | L47: Microcystis Debris (100%)
A48: 45061 | B48: Jordan Pond | C48: Jordan | D48: 4.2881111 | E48: 1.4672222 | G48: 6.3781111 | H48: 6.3083333 | J48: 42 | K48: none | L48: none
A49: 45061 | B49: Kiver Pond | C49: Kiver | D49: 4.6743333 | E49: 1.214 | G49: 35.811333 | H49: 8.7395 | J49: 74 | K49: none | L49: none
A50: 45061 | B50: Lake Chauncy | C50: Chauncy | D50: -0.90511111 | E50: -1.8218889 | G50: 6.3373333 | H50: 5.3997778 | J50: 34 | K50: none | L50: none
A51: 45061 | B51: Lake Lashaway | C51: Lashaway | D51: 9.4131111 | E51: 1.1997778 | G51: 9.1974444 | H51: 6.967 | J51: 59 | K51: some | L51: Dolichospermum (100%)
A52: 45061 | B52: Lake Quinsigamond | C52: Quinsigamond | D52: 1.3376667 | E52: 1.461 | G52: 16.457667 | H52: 6.4091111 | J52: 124 | K52: low | L52: Microcystis (100%)
A53: 45061 | B53: Leeseville Pond | C53: Leesville | D53: 4.057 | E53: -0.47188889 | G53: 9.7567778 | H53: 5.5177778 | J53: 22 | K53: none | L53: none
A54: 45061 | B54: Little Indian Lake | C54: L.Indian | D54: 5.523 | E54: 8.0163333 | G54: 10.672889 | H54: 11.654 | J54: 139 | K54: low | L54: Microcystis (100%)
A55: 45061 | B55: Manchaug Pond | C55: Manchaug | D55: 4.4951111 | E55: 6.2554444 | G55: 6.6442222 | H55: 6.9872222 | J55: 52 | K55: some | L55: Dolichospermum (100%)
A56: 45061 | B56: Newton Pond | C56: Newton | D56: 8.5978889 | E56: 5.5775556 | G56: 16.329222 | H56: 12.189222 | J56: 64 | K56: none | L56: none
A57: 45061 | B57: Patch Pond | C57: Patch.P | D57: 8.4862222 | E57: 2.7143333 | G57: 9.0124444 | H57: 7.089 | J57: 361 | K57: none | L57: none
... A59: 45061 | B59: Salisbury Pond | C59: Salisbury | D59: 28.369667 | E59: 11.344111 | G59: 112.97422 | H59: 28.940889 | J59: 161 | K59: low | L59: Microcystis Debris (100%)
A60: 45061 | B60: Singletary Lake | C60: Singletary | J60: NA | K60: NA | L60: NA
A61: 45061 | B61: Stevens Pond | C61: Stevens | D61: -0.86644444 | E61: -1.4147778 | G61: 5.3747778 | H61: 4.3853333 | J61: 30 | K61: low | L61: Dolichospermum (100%)
A62: 45061 | B62: Stoneville Pond | C62: Stoneville | J62: NA | K62: NA | L62: NA
A63: 45073 | B63: Bell Pond | C63: Bell | D63: -0.45344444 | E63: -1.0847778 | F63: 0.194 | G63: 3.3517778 | H63: 3.1853333 | I63: 3.1986667 | J63: 0 | K63: NA | L63: 0
A64: 45073 | B64: Burncoat Pond | C64: Burncoat | D64: 13.113889 | E64: 15.517222 | F64: 85.855 | G64: 109.37911 | H64: 103.71022 | I64: 180.43467 | J64: 51313 | K64: low | L64: Aphanizomenon (50%), Dolichospermum (50%)
A65: 45073 | B65: Coes Pond | C65: Coes.P | J65: NA | K65: NA | L65: NA
A66: 45073 | B66: Coes Reservoir | C66: Coes.R | D66: 4.8222222 | E66: -0.28866667 | G66: 10.230444 | H66: 5.4205556 | J66: 933 | K66: low | L66: Aphanizomenon (50%), Dolichospermum (50%)
A67: 45073 | B67: Cooks Pond | C67: Crooks | D67: 1.0957778 | E67: -0.628 | F67: -3.8326667 | G67: 5.3491111 | H67: 3.4691111 | I67: 3.9433333 | J67: 31 | K67: none | L67: none
A68: 45073 | B68: Crystal Pond | C68: Crystal | D68: 18.388111 | E68: 19.020333 | G68: 28.587222 | H68: 36.913889 | J68: 8217 | K68: none | L68: none
A69: 45073 | B69: Curtis Pond | C69: Curtis | J69: NA | K69: NA | L69: NA
A70: 45073 | B70: Dark Brook Reservoir | C70: Dark.Brook | J70: NA | K70: NA | L70: NA
A71: 45073 | B71: East Lake Waushacum | C71: E.Waushacum | D71: 2.536 | E71: -0.72233333 | G71: 5.6736667 | H71: 1.7351111 | J71: 1537 | K71: none | L71: none
A72: 45073 | B72: Ecotarium Pond | C72: Ecotarium | D72: 10.085222 | E72: 2.7553333 | G72: 47.045111 | H72: 11.140667 | J72: 4878 | K72: none | L72: none
A73: 45073 | B73: Elm Park Pond | C73: Elm | D73: 326.95033 | E73: 82.004778 | F73: 1039.0837 | G73: 202.49133 | H73: 130.23578 | I73: 192.79133 | J73: 75106 | K73: some | L73: Dolichospermum (100%)
A74: 45073 | B74: Farm Pond | C74: Farm | D74: 6.9421111 | E74: 3.8382222 | F74: 20.104333 | G74: 8.2277778 | H74: 5.2461111 | I74: 16.049667 | J74: 14 | K74: some | L74: Dolichospermum (100%)
A75: 45073 | B75: Flint Pond | C75: Flint | J75: NA | K75: NA | L75: NA
A76: 45073 | B76: Green Hill Park Pond | C76: Green.Hill | D76: 1.2307778 | E76: 3.2241111 | G76: 23.189556 | H76: 13.307333 | J76: 2823 | K76: low | L76: Microcystis (33.4%), Microcystis Debris (66.6%)
A77: 45073 | B77: Indian Lake | C77: Indian | D77: 6.3701111 | E77: 5.7834444 | G77: 7.3158889 | H77: 5.0705556 | J77: 337 | K77: some | L77: Microcystis (10%), Microcystis Debris (90%)
A78: 45073 | B78: Jordan Pond | C78: Jordan | D78: -1.7612222 | E78: -1.9643333 | F78: 1.5666667 | G78: 7.1322222 | H78: 7.9106667 | I78: 7.5903333 | J78: 10 | K78: none | L78: none
A79: 45073 | B79: Kiver Pond | C79: Kiver | D79: 1.6945556 | E79: 3.7825556 | G79: 7.9687778 | H79: 7.5788889 | J79: 17243 | K79: none | L79: none
A80: 45073 | B80: Lake Chauncy | C80: Chauncy | D80: -0.35733333 | E80: 1.0681111 | G80: 5.9337778 | H80: 7.9415556 | J80: 43 | K80: none | L80: none
A81: 45073 | B81: Lake Lashaway | C81: Lashaway | D81: 3.6246667 | E81: 1.2252222 | G81: 8.894 | H81: 7.189 | J81: 2304 | K81: none | L81: none
A82: 45073 | B82: Lake Quinsigamond | C82: Quinsigamond | D82: 12.853778 | E82: 9.4848889 | G82: 13.820444 | H82: 10.777333 | J82: 1992 | K82: low | L82: Dolichospermum (100%)
A83: 45073 | B83: Leeseville Pond | C83: Leesville | D83: 6.899 | E83: 5.9777778 | G83: 16.692333 | H83: 13.531222 | J83: 2391 | K83: none | L83: none
A84: 45073 | B84: Little Indian Lake | C84: L.Indian | D84: 9.9252222 | E84: 18.196333 | G84: 44.656111 | H84: 40.586111 | J84: 7163 | K84: none | L84: none
A85: 45073 | B85: Manchaug Pond | C85: Manchaug | D85: -0.18866667 | E85: -3.0231111 | G85: 6.812 | H85: 5.3624444 | J85: 1418 | K85: none | L85: none
A86: 45073 | B86: Newton Pond | C86: Newton | D86: -1.8698889 | E86: -0.77711111 | G86: 3.952 | H86: 4.5226667 | J86: 23 | K86: none | L86: none
A87: 45073 | B87: Patch Pond | C87: Patch.P | D87: 2.6164444 | E87: 0.92166667 | G87: 8.8896667 | H87: 8.3558333 | J87: 515 | K87: none | L87: none
A88: 45073 | B88: Patch Reservoir | C88: Patch.R | D88: 9.7776667 | E88: 0.86577778 | G88: 55.373444 | H88: 9.3506667 | J88: 1690 | K88: none | L88: none
A89: 45073 | B89: Salisbury Pond | C89: Salisbury | D89: 12.346111 | E89: 7.5372222 | F89: 26.335 | G89: 64.294889 | H89: 19.867111 | I89: 20.536 | J89: 209 | K89: some | L89: Microcystis (25%), Microcystis Debris (75%)
A90: 45073 | B90: Singletary Lake | C90: Singletary | D90: 26.768889 | E90: 17.903333 | F90: 17.696667 | G90: 116.63767 | H90: 97.211 | I90: 87.374333 | J90: 13536 | K90: none | L90: none | M90: Lake Ellie
A91: 45073 | B91: Stevens Pond | C91: Stevens | D91: -0.75555556 | E91: -0.28355556 | G91: 5.6427778 | H91: 5.093 | J91: 1243 | K91: none | L91: none
A92: 45073 | B92: Stoneville Pond | C92: Stoneville | J92: NA | K92: NA | L92: NA
A93: 45089 | B93: Bell Pond | C93: Bell | D93: 10.940556 | E93: 7.9062222 | G93: 15.338889 | H93: 12.056667 | J93: 11 | K93: none | L93: none
A94: 45089 | B94: Burncoat Pond | C94: Burncoat | D94: 18.723889 | E94: 13.121667 | G94: 82.755222 | H94: 78.424111 | J94: 396 | K94: none | L94: none
A95: 45089 | B95: Coes Pond | C95: Coes.P | J95: NA | K95: NA | L95: NA
A96: 45089 | B96: Coes Reservoir | C96: Coes.R | D96: 8.0923333 | E96: 3.372 | G96: 15.987667 | H96: 13.835444 | J96: 77 | K96: some | L96: Aphanizomenon (25%), Dolichospermum (75%)
A97: 45089 | B97: Cooks Pond | C97: Crooks | D97: 5.7634444 | E97: 4.4963333 | G97: 19.461444 | H97: 20.783667 | J97: 82 | K97: none | L97: none
A98: 45089 | B98: Crystal Pond | C98: Crystal | D98: 14.11 | E98: 17.262222 | G98: 51.947 | H98: 45.352556 | J98: 283 | K98: none | L98: none
A99: 45089 | B99: Curtis Pond | C99: Curtis | J99: NA | K99: NA | L99: NA
A100: 45089 | B100: Dark Brook Reservoir | C100: Dark.Brook | J100: NA | K100: NA | L100: NA
A101: 45089 | B101: East Lake Waushacum | C101: E.Waushacum | D101: 1.5603333 | E101: 0.50633333 | G101: 10.751889 | H101: 8.5747778 | J101: 25 | K101: none | L101: none
A102: 45089 | B102: Ecotarium Pond | C102: Ecotarium | D102: 48.582444 | E102: 30.908 | G102: 150.04389 | H102: 76.730556 | J102: 272 | K102: none | L102: none
...

Sheet cyano dominance
J1: =COUNTA(J4:J392)-COUNTIF(J4:J392,"NA") -> 45 | K1: =COUNTA(K4:K392)-COUNTIF(K4:K392,"NA") -> 107 | L1: =COUNTA(L4:L392)-COUNTIF(L4:L392,"NA") -> 41 | M1: =COUNTA(M4:M392)-COUNTIF(M4:M392,"NA") -> 52 | N1: =COUNTA(N4:N392)-COUNTIF(N4:N392,"NA") -> 9 | O1: =COUNTA(O4:O392)-COUNTIF(O4:O392,"NA") -> 28 | Y1: NA.count | Z1: abund in one
Y2: =COUNTIF(P4:P392,6) -> 0 | Z2: =COUNTA(P4:P392)-Y2 -> 389
A3: Index | B3: Date | C3: Waterbody | D3: Waterbody.edit | E3: Dominance | F3: Date | G3: Waterbody | H3: Waterbody.edit | I3: Dominance | J3: Aphanizomenon | K3: Dolichospermum | L3: Microcystis | M3: Microcystis_Debris | N3: Oscillatoria | O3: Woronichinia | P3: NA.count | Q3: Aph.check | R3: Micro.check | S3: Osc.check | T3: Wor.check | U3: sum.checks
A4: 198 | B4: 45145 | C4: Lake Chauncy | D4: Chauncy | E4: Aphanizomenon (10%), Dolichospermum (60%), Microcystis (10%), Microcystis Debris (20%), Woronichinia (0%) | F4: 45145 | G4: Lake Chauncy | H4: Chauncy | I4: Aphanizomenon (10%), Dolichospermum (60%), Microcystis (10%), Microcystis Debris (20%), Woronichinia (0%) | J4: 10 | K4: 60 | L4: 10 | M4: 20 | N4: NA | O4: 0 | P4: =COUNTA(J4:O4)-COUNTIF(J4:O4,"NA") -> 5 | Q4: =IF(NOT(J4="NA"),1,"NA") -> 1 | R4: =IF(NOT(L4="NA"),1,"NA") -> 1 | S4: =IF(NOT(N4="NA"),1,"NA") -> NA | T4: =IF(NOT(O4="NA"),1,"NA") -> 1 | U4: =SUM(Q4:T4) -> 3 | V4: X | Z4: =SUM(Z6:Z11) -> 93
A5: 288 | B5: 45185 | C5: Lake Chauncy | D5: Chauncy | E5: Aphanizomenon (10%), Dolichospermum (60%), Microcystis (15%), Microcystis Debris (15%), Woronichinia (0%) | F5: 45185 | G5: Lake Chauncy | H5: Chauncy | I5: Aphanizomenon (10%), Dolichospermum (60%), Microcystis (15%), Microcystis Debris (15%), Woronichinia (0%) | J5: 10 | K5: 60 | L5: 15 | M5: 15 | N5: NA | O5: 0 | P5: =COUNTA(J5:O5)-COUNTIF(J5:O5,"NA") -> 5 | Q5: =IF(NOT(J5="NA"),1,"NA") -> 1 | R5: =IF(NOT(L5="NA"),1,"NA") -> 1 | S5: =IF(NOT(N5="NA"),1,"NA") -> NA | T5: =IF(NOT(O5="NA"),1,"NA") -> 1 | U5: =SUM(Q5:T5) -> 3 | V5: X | X5: sum.check | Y5: all | Z5: target.genera
A6: 208 | B6: 45145 | C6: Singletary Lake | D6: Singletary | E6: Aphanizomenon (25%), Oscillatoria (50%), Woronichinia (25%) | F6: 45145 | G6: Singletary Lake | H6: Singletary | I6: Aphanizomenon (25%), Oscillatoria (50%), Woronichinia (25%) | J6: 25 | K6: NA | L6: NA | M6: NA | N6: 50 | O6: 25 | P6: =COUNTA(J6:O6)-COUNTIF(J6:O6,"NA") -> 3 | Q6: =IF(NOT(J6="NA"),1,"NA") -> 1 | R6: =IF(NOT(L6="NA"),1,"NA") -> NA | S6: =IF(NOT(N6="NA"),1,"NA") -> 1 | T6: =IF(NOT(O6="NA"),1,"NA") -> 1 | U6: =SUM(Q6:T6) -> 3 | X6: 1 | Y6: =COUNTIF(P$4:P$392,$X6) -> 71 | Z6: =COUNTIF(U$4:U$392,X6) -> 66
A7: 166 | B7: 45129 | C7: Jordan Pond | D7: Jordan | E7: Aphanizomenon (50%), Dolichospermum (25%), Microcystis (25%) | F7: 45129 | G7: Jordan Pond | H7: Jordan | I7: Aphanizomenon (50%), Dolichospermum (25%), Microcystis (25%) | J7: 50 | K7: 25 | L7: 25 | M7: NA | N7: NA | O7: NA | P7: =COUNTA(J7:O7)-COUNTIF(J7:O7,"NA") -> 3 | Q7: =IF(NOT(J7="NA"),1,"NA") -> 1 | R7: =IF(NOT(L7="NA"),1,"NA") -> 1 | S7: =IF(NOT(N7="NA"),1,"NA") -> NA | T7: =IF(NOT(O7="NA"),1,"NA") -> NA | U7: =SUM(Q7:T7) -> 2 | X7: 2 | Y7: =COUNTIF(P$4:P$392,$X7) -> 46 | Z7: =COUNTIF(U$4:U$392,X7) -> 24
A8: 182 | B8: 45145 | C8: Burncoat Pond | D8: Burncoat | E8: Aphanizomenon (50%), Dolichospermum (25%), Microcystis (25%) | F8: 45145 | G8: Burncoat Pond | H8: Burncoat | I8: Aphanizomenon (50%), Dolichospermum (25%), Microcystis (25%) | J8: 50 | K8: 25 | L8: 25 | M8: NA | N8: NA | O8: NA | P8: =COUNTA(J8:O8)-COUNTIF(J8:O8,"NA") -> 3 | Q8: =IF(NOT(J8="NA"),1,"NA") -> 1 | R8: =IF(NOT(L8="NA"),1,"NA") -> 1 | S8: =IF(NOT(N8="NA"),1,"NA") -> NA | T8: =IF(NOT(O8="NA"),1,"NA") -> NA | U8: =SUM(Q8:T8) -> 2 | X8: 3 | Y8: =COUNTIF(P$4:P$392,$X8) -> 27 | Z8: =COUNTIF(U$4:U$392,X8) -> 3
A9: 196 | B9: 45145 | C9: Jordan Pond | D9: Jordan | E9: Aphanizomenon (25%), Dolichospermum (25%), Microcystis (50%) | F9: 45145 | G9: Jordan Pond | H9: Jordan | I9: Aphanizomenon (25%), Dolichospermum (25%), Microcystis (50%) | J9: 25 | K9: 25 | L9: 50 | M9: NA | N9: NA | O9: NA | P9: =COUNTA(J9:O9)-COUNTIF(J9:O9,"NA") -> 3 | Q9: =IF(NOT(J9="NA"),1,"NA") -> 1 | R9: =IF(NOT(L9="NA"),1,"NA") -> 1 | S9: =IF(NOT(N9="NA"),1,"NA") -> NA | T9: =IF(NOT(O9="NA"),1,"NA") -> NA | U9: =SUM(Q9:T9) -> 2 | X9: 4 | Y9: =COUNTIF(P$4:P$392,$X9) -> 7 | Z9: =COUNTIF(U$4:U$392,X9) -> 0
A10: 212 | B10: 45157 | C10: Burncoat Pond | D10: Burncoat | E10: Aphanizomenon (85%), Dolichospermum (5%), Microcystis (5%) | F10: 45157 | G10: Burncoat Pond | H10: Burncoat | I10: Aphanizomenon (85%), Dolichospermum (5%), Microcystis (5%) | J10: 85 | K10: 5 | L10: 5 | M10: NA | N10: NA | O10: NA | P10: =COUNTA(J10:O10)-COUNTIF(J10:O10,"NA") -> 3 | Q10: =IF(NOT(J10="NA"),1,"NA") -> 1 | R10: =IF(NOT(L10="NA"),1,"NA") -> 1 | S10: =IF(NOT(N10="NA"),1,"NA") -> NA | T10: =IF(NOT(O10="NA"),1,"NA") -> NA | U10: =SUM(Q10:T10) -> 2 | X10: 5 | Y10: =COUNTIF(P$4:P$392,$X10) -> 2 | Z10: =COUNTIF(U$4:U$392,X10) -> 0
A11: 242 | B11: 45174 | C11: Burncoat Pond | D11: Burncoat | E11: Aphanizomenon (75%), Microcystis (20%), Microcystis Debris (5%) | F11: 45174 | G11: Burncoat Pond | H11: Burncoat | I11: Aphanizomenon (75%), Microcystis (20%), Microcystis Debris (5%) | J11: 75 | K11: NA | L11: 20 | M11: 5 | N11: NA | O11: NA | P11: =COUNTA(J11:O11)-COUNTIF(J11:O11,"NA") -> 3 | Q11: =IF(NOT(J11="NA"),1,"NA") -> 1 | R11: =IF(NOT(L11="NA"),1,"NA") -> 1 | S11: =IF(NOT(N11="NA"),1,"NA") -> NA | T11: =IF(NOT(O11="NA"),1,"NA") -> NA | U11: =SUM(Q11:T11) -> 2 | X11: 6 | Y11: =COUNTIF(P$4:P$392,$X11) -> 0 | Z11: =COUNTIF(U$4:U$392,X11) -> 0
A12: 292 | B12: 45185 | C12: Little Indian Lake | D12: L.Indian | E12: Aphanizomenon (20%), Dolichospermum (75%), Microcystis (5%) | F12: 45185 | G12: Little Indian Lake | H12: L.Indian | I12: Aphanizomenon (20%), Dolichospermum (75%), Microcystis (5%) | J12: 20 | K12: 75 | L12: 5 | M12: NA | N12: NA | O12: NA | P12: =COUNTA(J12:O12)-COUNTIF(J12:O12,"NA") -> 3 | Q12: =IF(NOT(J12="NA"),1,"NA") -> 1 | R12: =IF(NOT(L12="NA"),1,"NA") -> 1 | S12: =IF(NOT(N12="NA"),1,"NA") -> NA | T12: =IF(NOT(O12="NA"),1,"NA") -> NA | U12: =SUM(Q12:T12) -> 2
A13: 318 | B13: 45201 | C13: Lake Chauncy | D13: Chauncy | E13: Aphanizomenon (75%), Dolichospermum (24%), Microcystis (1%) | F13: 45201 | G13: Lake Chauncy | H13: Chauncy | I13: Aphanizomenon (75%), Dolichospermum (24%), Microcystis (1%) | J13: 75 | K13: 24 | L13: 1 | M13: NA | N13: NA | O13: NA | P13: =COUNTA(J13:O13)-COUNTIF(J13:O13,"NA") -> 3 | Q13: =IF(NOT(J13="NA"),1,"NA") -> 1 | R13: =IF(NOT(L13="NA"),1,"NA") -> 1 | S13: =IF(NOT(N13="NA"),1,"NA") -> NA | T13: =IF(NOT(O13="NA"),1,"NA") -> NA | U13: =SUM(Q13:T13) -> 2
A14: 332 | B14: 45213 | C14: Burncoat Pond | D14: Burncoat | E14: Aphanizomenon (40%), Microcystis (50%), Microcystis Debris (10%) | F14: 45213 | G14: Burncoat Pond | H14: Burncoat | I14: Aphanizomenon (40%), Microcystis (50%), Microcystis Debris (10%) | J14: 40 | K14: NA | L14: 50 | M14: 10 | N14: NA | O14: NA | P14: =COUNTA(J14:O14)-COUNTIF(J14:O14,"NA") -> 3 | Q14: =IF(NOT(J14="NA"),1,"NA") -> 1 | R14: =IF(NOT(L14="NA"),1,"NA") -> 1 | S14: =IF(NOT(N14="NA"),1,"NA") -> NA | T14: =IF(NOT(O14="NA"),1,"NA") -> NA | U14: =SUM(Q14:T14) -> 2
A15: 135 | B15: 45117 | C15: Indian Lake | D15: Indian | E15: Aphanizomenon (25%), Dolichospermum (25%), Woronichinia (50%) | F15: 45117 | G15: Indian Lake | H15: Indian | I15: Aphanizomenon (25%), Dolichospermum (25%), Woronichinia (50%) | J15: 25 | K15: 25 | L15: NA | M15: NA | N15: NA | O15: 50 | P15: =COUNTA(J15:O15)-COUNTIF(J15:O15,"NA") -> 3 | Q15: =IF(NOT(J15="NA"),1,"NA") -> 1 | R15: =IF(NOT(L15="NA"),1,"NA") -> NA | S15: =IF(NOT(N15="NA"),1,"NA") -> NA | T15: =IF(NOT(O15="NA"),1,"NA") -> 1 | U15: =SUM(Q15:T15) -> 2 | V15: X
A16: 168 | B16: 45129 | C16: Lake Chauncy | D16: Chauncy | E16: Aphanizomenon (25%), Dolichospermum (50%), Microcystis Debris (20%), Woronichinia (5%) | F16: 45129 | G16: Lake Chauncy | H16: Chauncy | I16: Aphanizomenon (25%), Dolichospermum (50%), Microcystis Debris (20%), Woronichinia (5%) | J16: 25 | K16: 50 | L16: NA | M16: 20 | N16: NA | O16: 5 | P16: =COUNTA(J16:O16)-COUNTIF(J16:O16,"NA") -> 4 | Q16: =IF(NOT(J16="NA"),1,"NA") -> 1 | R16: =IF(NOT(L16="NA"),1,"NA") -> NA | S16: =IF(NOT(N16="NA"),1,"NA") -> NA | T16: =IF(NOT(O16="NA"),1,"NA") -> 1 | U16: =SUM(Q16:T16) -> 2 | V16: X
A17: 194 | B17: 45145 | C17: Green Hill Park Pond | D17: Green.Hill | E17: Aphanizomenon (25%), Dolichospermum (50%), Microcystis Debris (5%), Woronichinia (20%) | F17: 45145 | G17: Green Hill Park Pond | H17: Green.Hill | I17: Aphanizomenon (25%), Dolichospermum (50%), Microcystis Debris (5%), Woronichinia (20%) | J17: 25 | K17: 50 | L17: NA | M17: 5 | N17: NA | O17: 20 | P17: =COUNTA(J17:O17)-COUNTIF(J17:O17,"NA") -> 4 | Q17: =IF(NOT(J17="NA"),1,"NA") -> 1 | R17: =IF(NOT(L17="NA"),1,"NA") -> NA | S17: =IF(NOT(N17="NA"),1,"NA") -> NA | T17: =IF(NOT(O17="NA"),1,"NA") -> 1 | U17: =SUM(Q17:T17) -> 2 | V17: X
A18: 200 | B18: 45145 | C18: Lake Quinsigamond | D18: Quinsigamond | E18: Aphanizomenon (40%), Dolichospermum (40%), Microcystis Debris (10%), Woronichinia (10%) | F18: 45145 | G18: Lake Quinsigamond | H18: Quinsigamond | I18: Aphanizomenon (40%), Dolichospermum (40%), Microcystis Debris (10%), Woronichinia (10%) | J18: 40 | K18: 40 | L18: NA | M18: 10 | N18: NA | O18: 10 | P18: =COUNTA(J18:O18)-COUNTIF(J18:O18,"NA") -> 4 | Q18: =IF(NOT(J18="NA"),1,"NA") -> 1 | R18: =IF(NOT(L18="NA"),1,"NA") -> NA | S18: =IF(NOT(N18="NA"),1,"NA") -> NA | T18: =IF(NOT(O18="NA"),1,"NA") -> 1 | U18: =SUM(Q18:T18) -> 2 | V18: X | Z18: Lake.date | AA18: date.text | AB18: Date | AC18: Waterbody | AD18: Waterbody.edit | AE18: Dominance | AF18: Aphanizomenon | AG18: Dolichospermum | AH18: Microcystis | AI18: Microcystis_Debris | AJ18: Oscillatoria | AK18: Woronichinia | AL18: NA.count | AM18: Aph.check | AN18: Micro.check | AO18: Osc.check | AP18: Wor.check | AQ18: sum.checks | AR18: select.set
A19: 228 | B19: 45157 | C19: Lake Chauncy | D19: Chauncy | E19: Aphanizomenon (50%), Dolichospermum (25%), Woronichinia (0%) | F19: 45157 | G19: Lake Chauncy | H19: Chauncy | I19: Aphanizomenon (50%), Dolichospermum (25%), Woronichinia (0%) | J19: 50 | K19: 25 | L19: NA | M19: NA | N19: NA | O19: 0 | P19: =COUNTA(J19:O19)-COUNTIF(J19:O19,"NA") -> 3 | Q19: =IF(NOT(J19="NA"),1,"NA") -> 1 | R19: =IF(NOT(L19="NA"),1,"NA") -> NA | S19: =IF(NOT(N19="NA"),1,"NA") -> NA | T19: =IF(NOT(O19="NA"),1,"NA") -> 1 | U19: =SUM(Q19:T19) -> 2 | Z19: =CONCATENATE(AD19,"#",AA19) -> Chauncy#2023-08-07 | AA19: 2023-08-07 | AB19: 45145 | AC19: Lake Chauncy | AD19: Chauncy | AE19: Aphanizomenon (10%), Dolichospermum (60%), Microcystis (10%), Microcystis Debris (20%), Woronichinia (0%) | AF19: 10 | AG19: 60 | AH19: 10 | AI19: 20 | AJ19: NA | AK19: 0 | AL19: 5 | AM19: 1 | AN19: 1 | AO19: NA | AP19: 1 | AQ19: 3 | AR19: X | AS19: =VLOOKUP(Z19,'folder names img count cmds'!I$4:I$651,2,FALSE) -> #REF!
A20: 230 | B20: 45157 | C20: Lake Quinsigamond | D20: Quinsigamond | E20: Aphanizomenon (75%), Dolichospermum (5%), Microcystis Debris (20%), Woronichinia (0%) | F20: 45157 | G20: Lake Quinsigamond | H20: Quinsigamond | I20: Aphanizomenon (75%), Dolichospermum (5%), Microcystis Debris (20%), Woronichinia (0%) | J20: 75 | K20: 5 | L20: NA | M20: 20 | N20: NA | O20: 0 | P20: =COUNTA(J20:O20)-COUNTIF(J20:O20,"NA") -> 4 | Q20: =IF(NOT(J20="NA"),1,"NA") -> 1 | R20: =IF(NOT(L20="NA"),1,"NA") -> NA | S20: =IF(NOT(N20="NA"),1,"NA") -> NA | T20: =IF(NOT(O20="NA"),1,"NA") -> 1 | U20: =SUM(Q20:T20) -> 2 | V20: X | Z20: =CONCATENATE(AD20,"#",AA20) -> Chauncy#2023-09-16 | AA20: 2023-09-16 | AB20: 45185 | AC20: Lake Chauncy | AD20: Chauncy | AE20: Aphanizomenon (10%), Dolichospermum (60%), Microcystis (15%), Microcystis Debris (15%), Woronichinia (0%) | AF20: 10 | AG20: 60 | AH20: 15 | AI20: 15 | AJ20: NA | AK20: 0 | AL20: 5 | AM20: 1 | AN20: 1 | AO20: NA | AP20: 1 | AQ20: 3 | AR20: X | AS20: =VLOOKUP(Z20,'folder names img count cmds'!I$4:I$651,2,FALSE) -> #REF!
A21: 244 | B21: 45174 | C21: Coes Reservoir | D21: Coes.R | E21: Aphanizomenon (45%), Dolichospermum (50%), Woronichinia (5%) | F21: 45174 | G21: Coes Reservoir | H21: Coes.R | I21: Aphanizomenon (45%), Dolichospermum (50%), Woronichinia (5%) | J21: 45 | K21: 50 | L21: NA | M21: NA | N21: NA | O21: 5 | P21: =COUNTA(J21:O21)-COUNTIF(J21:O21,"NA") -> 3 | Q21: =IF(NOT(J21="NA"),1,"NA") -> 1 | R21: =IF(NOT(L21="NA"),1,"NA") -> NA | S21: =IF(NOT(N21="NA"),1,"NA") -> NA | T21: =IF(NOT(O21="NA"),1,"NA") -> 1 | U21: =SUM(Q21:T21) -> 2 | Z21: =CONCATENATE(AD21,"#",AA21) -> Indian#2023-07-10 | AA21: 2023-07-10 | AB21: 45117 | AC21: Indian Lake | AD21: Indian | AE21: Aphanizomenon (25%), Dolichospermum (25%), Woronichinia (50%) | AF21: 25 | AG21: 25 | AH21: NA | AI21: NA | AJ21: NA | AK21: 50 | AL21: 3 | AM21: 1 | AN21: NA | AO21: NA | AP21: 1 | AQ21: 2 | AR21: X | AS21: =VLOOKUP(Z21,'folder names img count cmds'!I$4:I$651,2,FALSE) -> #REF!
A22: 260 | B22: 45174 | C22: Lake Quinsigamond | D22: Quinsigamond | E22: Aphanizomenon (75%), Dolichospermum (5%), Microcystis Debris (15%), Woronichinia (5%) | F22: 45174 | G22: Lake Quinsigamond | H22: Quinsigamond | I22: Aphanizomenon (75%), Dolichospermum (5%), Microcystis Debris (15%), Woronichinia (5%) | J22: 75 | K22: 5 | L22: NA | M22: 15 | N22: NA | O22: 5 | P22: =COUNTA(J22:O22)-COUNTIF(J22:O22,"NA") -> 4 | Q22: =IF(NOT(J22="NA"),1,"NA") -> 1 | R22: =IF(NOT(L22="NA"),1,"NA") -> NA | S22: =IF(NOT(N22="NA"),1,"NA") -> NA | T22: =IF(NOT(O22="NA"),1,"NA") -> 1 | U22: =SUM(Q22:T22) -> 2 | V22: X | Z22: =CONCATENATE(AD22,"#",AA22) -> Chauncy#2023-07-22 | AA22: 2023-07-22 | AB22: 45129 | AC22: Lake Chauncy | AD22: Chauncy | AE22: Aphanizomenon (25%), Dolichospermum (50%), Microcystis Debris (20%), Woronichinia (5%) | AF22: 25 | AG22: 50 | AH22: NA | AI22: 20 | AJ22: NA | AK22: 5 | AL22: 4 | AM22: 1 | AN22: NA | AO22: NA | AP22: 1 | AQ22: 2 | AR22: X | AS22: =VLOOKUP(Z22,'folder names img count cmds'!I$4:I$651,2,FALSE) -> #REF!
A23: 350 | B23: 45213 | C23: Lake Quinsigamond | D23: Quinsigamond | E23: Aphanizomenon (75%), Woronichinia (25%) | F23: 45213 | G23: Lake Quinsigamond | H23: Quinsigamond | I23: Aphanizomenon (75%), Woronichinia (25%) | J23: 75 | K23: NA | L23: NA | M23: NA | N23: NA | O23: 25 | P23: =COUNTA(J23:O23)-COUNTIF(J23:O23,"NA") -> 2 | Q23: =IF(NOT(J23="NA"),1,"NA") -> 1 | R23: =IF(NOT(L23="NA"),1,"NA") -> NA | S23: =IF(NOT(N23="NA"),1,"NA") -> NA | T23: =IF(NOT(O23="NA"),1,"NA") -> 1 | U23: =SUM(Q23:T23) -> 2 | Z23: =CONCATENATE(AD23,"#",AA23) -> Green.Hill#2023-08-07 | AA23: 2023-08-07 | AB23: 45145 | AC23: Green Hill Park Pond | AD23: Green.Hill | AE23: Aphanizomenon (25%), Dolichospermum (50%), Microcystis Debris (5%), Woronichinia (20%) | AF23: 25 | AG23: 50 | AH23: NA | AI23: 5 | AJ23: NA | AK23: 20 | AL23: 4 | AM23: 1 | AN23: NA | AO23: NA | AP23: 1 | AQ23: 2 | AR23: X | AS23: =VLOOKUP(Z23,'folder names img count cmds'!I$4:I$651,2,FALSE) -> #REF!
A24: 286 | B24: 45185 | C24: Jordan Pond | D24: Jordan | E24: Microcystis (75%), Microcystis Debris (5%), Oscillatoria (20%) | F24: 45185 | G24: Jordan Pond | H24: Jordan | I24: Microcystis (75%), Microcystis Debris (5%), Oscillatoria (20%) | J24: NA | K24: NA | L24: 75 | M24: 5 | N24: 20 | O24: NA | P24: =COUNTA(J24:O24)-COUNTIF(J24:O24,"NA") -> 3 | Q24: =IF(NOT(J24="NA"),1,"NA") -> NA | R24: =IF(NOT(L24="NA"),1,"NA") -> 1 | S24: =IF(NOT(N24="NA"),1,"NA") -> 1 | T24: =IF(NOT(O24="NA"),1,"NA") -> NA | U24: =SUM(Q24:T24) -> 2 | V24: X | Z24: =CONCATENATE(AD24,"#",AA24) -> Quinsigamond#2023-08-07 | AA24: 2023-08-07 | AB24: 45145 | AC24: Lake Quinsigamond | AD24: Quinsigamond | AE24: Aphanizomenon (40%), Dolichospermum (40%), Microcystis Debris (10%), Woronichinia (10%) | AF24: 40 | AG24: 40 | AH24: NA | AI24: 10 | AJ24: NA | AK24: 10 | AL24: 4 | AM24: 1 | AN24: NA | AO24: NA | AP24: 1 | AQ24: 2 | AR24: X | AS24: =VLOOKUP(Z24,'folder names img count cmds'!I$4:I$651,2,FALSE) -> #REF!
A25: 225 | B25: 45157 | C25: Indian Lake | D25: Indian | E25: Dolichospermum (15%), Microcystis (15%), Microcystis Debris (70%), Woronichinia (0%) | F25: 45157 | G25: Indian Lake | H25: Indian | I25: Dolichospermum (15%), Microcystis (15%), Microcystis Debris (70%), Woronichinia (0%) | J25: NA | K25: 15 | L25: 15 | M25: 70 | N25: NA | O25: 0 | P25: =COUNTA(J25:O25)-COUNTIF(J25:O25,"NA") -> 4 | Q25: =IF(NOT(J25="NA"),1,"NA") -> NA | R25: =IF(NOT(L25="NA"),1,"NA") -> 1 | S25: =IF(NOT(N25="NA"),1,"NA") -> NA | T25: =IF(NOT(O25="NA"),1,"NA") -> 1 | U25: =SUM(Q25:T25) -> 2 | V25: X | Z25: =CONCATENATE(AD25,"#",AA25) -> Quinsigamond#2023-08-19 | AA25: 2023-08-19 | AB25: 45157 | AC25: Lake Quinsigamond | AD25: Quinsigamond | AE25: Aphanizomenon (75%), Dolichospermum (5%), Microcystis Debris (20%), Woronichinia (0%) | AF25: 75 | AG25: 5 | AH25: NA | AI25: 20 | AJ25: NA | AK25: 0 | AL25: 4 | AM25: 1 | AN25: NA | AO25: NA | AP25: 1 | AQ25: 2 | AR25: X | AS25: =VLOOKUP(Z25,'folder names img count cmds'!I$4:I$651,2,FALSE) -> #REF!
A26: 285 | B26: 45185 | C26: Indian Lake | D26: Indian | E26: Microcystis (10%), Microcystis Debris (85%), Woronichinia (5%) | F26: 45185 | G26: Indian Lake | H26: Indian | I26: Microcystis (10%), Microcystis Debris (85%), Woronichinia (5%) | J26: NA | K26: NA | L26: 10 | M26: 85 | N26: NA | O26: 5 | P26: =COUNTA(J26:O26)-COUNTIF(J26:O26,"NA") -> 3 | Q26: =IF(NOT(J26="NA"),1,"NA") -> NA | R26: =IF(NOT(L26="NA"),1,"NA") -> 1 | S26: =IF(NOT(N26="NA"),1,"NA") -> NA | T26: =IF(NOT(O26="NA"),1,"NA") -> 1 | U26: =SUM(Q26:T26) -> 2 | Z26: =CONCATENATE(AD26,"#",AA26) -> Quinsigamond#2023-09-05 | AA26: 2023-09-05 | AB26: 45174 | AC26: Lake Quinsigamond | AD26: Quinsigamond | AE26: Aphanizomenon (75%), Dolichospermum (5%), Microcystis Debris (15%), Woronichinia (5%) | AF26: 75 | AG26: 5 | AH26: NA | AI26: 15 | AJ26: NA | AK26: 5 | AL26: 4 | AM26: 1 | AN26: NA | AO26: NA | AP26: 1 | AQ26: 2 | AR26: X | AS26: =VLOOKUP(Z26,'folder names img count cmds'!I$4:I$651,2,FALSE) -> #REF!
A27: 344 | B27: 45213 | C27: Green Hill Park Pond | D27: Green.Hill | E27: Dolichospermum (40%), Microcystis (10%), Woronichinia (50%) | F27: 45213 | G27: Green Hill Park Pond | H27: Green.Hill | I27: Dolichospermum (40%), Microcystis (10%), Woronichinia (50%) | J27: NA | K27: 40 | L27: 10 | M27: NA | N27: NA | O27: 50 | P27: =COUNTA(J27:O27)-COUNTIF(J27:O27,"NA") -> 3 | Q27: =IF(NOT(J27="NA"),1,"NA") -> NA | R27: =IF(NOT(L27="NA"),1,"NA") -> 1 | S27: =IF(NOT(N27="NA"),1,"NA") -> NA | T27: =IF(NOT(O27="NA"),1,"NA") -> 1 | U27: =SUM(Q27:T27) -> 2 | V27: X | Z27: =CONCATENATE(AD27,"#",AA27) -> Jordan#2023-09-16 | AA27: 2023-09-16 | AB27: 45185 | AC27: Jordan Pond | AD27: Jordan | AE27: Microcystis (75%), Microcystis Debris (5%), Oscillatoria (20%) | AF27: NA | AG27: NA | AH27: 75 | AI27: 5 | AJ27: 20 | AK27: NA | AL27: 3 | AM27: NA | AN27: 1 | AO27: 1 | AP27: NA | AQ27: 2 | AR27: X | AS27: =VLOOKUP(Z27,'folder names img count cmds'!I$4:I$651,2,FALSE) -> #N/A
A28: 345 | B28: 45213 | C28: Indian Lake | D28: Indian | E28: Dolichospermum (20%), Microcystis (5%), Microcystis Debris (50%), Woronichinia (25%) | F28: 45213 | G28: Indian Lake | H28: Indian | I28: Dolichospermum (20%), Microcystis (5%), Microcystis Debris (50%), Woronichinia (25%) | J28: NA | K28: 20 | L28: 5 | M28: 50 | N28: NA | O28: 25 | P28: =COUNTA(J28:O28)-COUNTIF(J28:O28,"NA") -> 4 | Q28: =IF(NOT(J28="NA"),1,"NA") -> NA | R28: =IF(NOT(L28="NA"),1,"NA") -> 1 | S28: =IF(NOT(N28="NA"),1,"NA") -> NA | T28: =IF(NOT(O28="NA"),1,"NA") -> 1 | U28: =SUM(Q28:T28) -> 2 | V28: X | Z28: =CONCATENATE(AD28,"#",AA28) -> Indian#2023-08-19 | AA28: 2023-08-19 | AB28: 45157 | AC28: Indian Lake | AD28: Indian | AE28: Dolichospermum (15%), Microcystis (15%), Microcystis Debris (70%), Woronichinia (0%) | AF28: NA | AG28: 15 | AH28: 15 | AI28: 70 | AJ28: NA | AK28: 0 | AL28: 4 | AM28: NA | AN28: 1 | AO28: NA | AP28: 1 | AQ28: 2 | AR28: X | AS28: =VLOOKUP(Z28,'folder names img count cmds'!I$4:I$651,2,FALSE) -> #REF!
A29: 373 | B29: 45229 | C29: Green Hill Park Pond | D29: Green.Hill | E29: Dolichospermum (75%), Microcystis (15%), Woronichinia (10%) | F29: 45229 | G29: Green Hill Park Pond | H29: Green.Hill | I29: Dolichospermum (75%), Microcystis (15%), Woronichinia (10%) | J29: NA | K29: 75 | L29: 15 | M29: NA | N29: NA | O29: 10 | P29: =COUNTA(J29:O29)-COUNTIF(J29:O29,"NA") -> 3 | Q29: =IF(NOT(J29="NA"),1,"NA") -> NA | R29: =IF(NOT(L29="NA"),1,"NA") -> 1 | S29: =IF(NOT(N29="NA"),1,"NA") -> NA | T29: =IF(NOT(O29="NA"),1,"NA") -> 1 | U29: =SUM(Q29:T29) -> 2 | Z29: =CONCATENATE(AD29,"#",AA29) -> Green.Hill#2023-10-14 | AA29: 2023-10-14 | AB29: 45213 | AC29: Green Hill Park Pond | AD29: Green.Hill | AE29: Dolichospermum (40%), Microcystis (10%), Woronichinia (50%) | AF29: NA | AG29: 40 | AH29: 10 | AI29: NA | AJ29: NA | AK29: 50 | AL29: 3 | AM29: NA | AN29: 1 | AO29: NA | AP29: 1 | AQ29: 2 | AR29: X | AS29: =VLOOKUP(Z29,'folder names img count cmds'!I$4:I$651,2,FALSE) -> #REF!
A30: 296 | B30: 45185 | C30: Patch Reservoir | D30: Patch.R | E30: Dolichospermum (75%), Oscillatoria (20%), Woronichinia (5%) | F30: 45185 | G30: Patch Reservoir | H30: Patch.R | I30: Dolichospermum (75%), Oscillatoria (20%), Woronichinia (5%) | J30: NA | K30: 75 | L30: NA | M30: NA | N30: 20 | O30: 5 | P30: =COUNTA(J30:O30)-COUNTIF(J30:O30,"NA") -> 3 | Q30: =IF(NOT(J30="NA"),1,"NA") -> NA | R30: =IF(NOT(L30="NA"),1,"NA") -> NA | S30: =IF(NOT(N30="NA"),1,"NA") -> 1 | T30: =IF(NOT(O30="NA"),1,"NA") -> 1 | U30: =SUM(Q30:T30) -> 2 | V30: X | Z30: =CONCATENATE(AD30,"#",AA30) -> Indian#2023-10-14 | AA30: 2023-10-14 | AB30: 45213 | AC30: Indian Lake | AD30: Indian | AE30: Dolichospermum (20%), Microcystis (5%), Microcystis Debris (50%), Woronichinia (25%) | AF30: NA | AG30: 20 | AH30: 5 | AI30: 50 | AJ30: NA | AK30: 25 | AL30: 4 | AM30: NA | AN30: 1 | AO30: NA | AP30: 1 | AQ30: 2 | AR30: X | AS30: =VLOOKUP(Z30,'folder names img count cmds'!I$4:I$651,2,FALSE) -> #REF!
A31: 18 | B31: 45045 | C31: Lake Chauncy | D31: Chauncy | E31: Aphanizomenon (100%) | F31: 45045 | G31: Lake Chauncy | H31: Chauncy | I31: Aphanizomenon (100%) | J31: 100 | K31: NA | L31: NA | M31: NA | N31: NA | O31: NA | P31: =COUNTA(J31:O31)-COUNTIF(J31:O31,"NA") -> 1 | Q31: =IF(NOT(J31="NA"),1,"NA") -> 1 | R31: =IF(NOT(L31="NA"),1,"NA") -> NA | S31: =IF(NOT(N31="NA"),1,"NA") -> NA | T31: =IF(NOT(O31="NA"),1,"NA") -> NA | U31: =SUM(Q31:T31) -> 1 | Z31: =CONCATENATE(AD31,"#",AA31) -> Patch.R#2023-09-16 | AA31: 2023-09-16 | AB31: 45185 | AC31: Patch Reservoir | AD31: Patch.R | AE31: Dolichospermum (75%), Oscillatoria (20%), Woronichinia (5%) | AF31: NA | AG31: 75 | AH31: NA | AI31: NA | AJ31: 20 | AK31: 5 | AL31: 3 | AM31: NA | AN31: NA | AO31: 1 | AP31: 1 | AQ31: 2 | AR31: X | AS31: =VLOOKUP(Z31,'folder names img count cmds'!I$4:I$651,2,FALSE) -> #REF!
A32: 62 | B32: 45073 | C32: Burncoat Pond | D32: Burncoat | E32: Aphanizomenon (50%), Dolichospermum (50%) | F32: 45073 | G32: Burncoat Pond | H32: Burncoat | I32: Aphanizomenon (50%), Dolichospermum (50%) | J32: 50 | K32: 50 | L32: NA | M32: NA | N32: NA | O32: NA | P32: =COUNTA(J32:O32)-COUNTIF(J32:O32,"NA") -> 2 | Q32: =IF(NOT(J32="NA"),1,"NA") -> 1 | R32: =IF(NOT(L32="NA"),1,"NA") -> NA | S32: =IF(NOT(N32="NA"),1,"NA") -> NA | T32: =IF(NOT(O32="NA"),1,"NA") -> NA | U32: =SUM(Q32:T32) -> 1 | Z32: =CONCATENATE(AD32,"#",AA32) -> Quinsigamond#2023-05-15 | AA32: 2023-05-15 | AB32: 45061 | AC32: Lake Quinsigamond | AD32: Quinsigamond | AE32: Microcystis (100%) | AF32: NA | AG32: NA | AH32: 100 | AI32: NA | AJ32: NA | AK32: NA | AL32: 1 | AM32: NA | AN32: 1 | AO32: NA | AP32: NA | AQ32: 1 | AR32: X | AS32: =VLOOKUP(Z32,'folder names img count cmds'!I$4:I$651,2,FALSE) -> #REF!
A33: 64 | B33: 45073 | C33: Coes Reservoir | D33: Coes.R | E33: Aphanizomenon (50%), Dolichospermum (50%) | F33: 45073 | G33: Coes Reservoir | H33: Coes.R | I33: Aphanizomenon (50%), Dolichospermum (50%) | J33: 50 | K33: 50 | L33: NA | M33: NA | N33: NA | O33: NA | P33: =COUNTA(J33:O33)-COUNTIF(J33:O33,"NA") -> 2 | Q33: =IF(NOT(J33="NA"),1,"NA") -> 1 | R33: =IF(NOT(L33="NA"),1,"NA") -> NA | S33: =IF(NOT(N33="NA"),1,"NA") -> NA | T33: =IF(NOT(O33="NA"),1,"NA") -> NA | U33: =SUM(Q33:T33) -> 1 | Z33: =CONCATENATE(AD33,"#",AA33) -> L.Indian#2023-05-15 | AA33: 2023-05-15 | AB33: 45061 | AC33: Little Indian Lake | AD33: L.Indian | AE33: Microcystis (100%) | AF33: NA | AG33: NA | AH33: 100 | AI33: NA | AJ33: NA | AK33: NA | AL33: 1 | AM33: NA | AN33: 1 | AO33: NA | AP33: NA | AQ33: 1 | AR33: X | AS33: =VLOOKUP(Z33,'folder names img count cmds'!I$4:I$651,2,FALSE) -> #REF!
A34: 94 | B34: 45089 | C34: Coes Reservoir | D34: Coes.R | E34: Aphanizomenon (25%), Dolichospermum (75%) | F34: 45089 | G34: Coes Reservoir | H34: Coes.R | I34: Aphanizomenon (25%), Dolichospermum (75%) | J34: 25 | K34: 75 | L34: NA | M34: NA | N34: NA | O34: NA | P34: =COUNTA(J34:O34)-COUNTIF(J34:O34,"NA") -> 2 | Q34: =IF(NOT(J34="NA"),1,"NA") -> 1 | R34: =IF(NOT(L34="NA"),1,"NA") -> NA | S34: =IF(NOT(N34="NA"),1,"NA") -> NA | T34: =IF(NOT(O34="NA"),1,"NA") -> NA | U34: =SUM(Q34:T34) -> 1 | Z34: =CONCATENATE(AD34,"#",AA34) -> Indian#2023-05-27 | AA34: 2023-05-27 | AB34: 45073 | AC34: Indian Lake | AD34: Indian | AE34: Microcystis (10%), Microcystis Debris (90%) | AF34: NA | AG34: NA | AH34: 10 | AI34: 90 | AJ34: NA | AK34: NA | AL34: 2 | AM34: NA | AN34: 1 | AO34: NA | AP34: NA | AQ34: 1 | AR34: X | AS34: =VLOOKUP(Z34,'folder names img count cmds'!I$4:I$651,2,FALSE) -> #REF!
A35: 104 | B35: 45089 | C35: Green Hill Park Pond | D35: Green.Hill | E35: Aphanizomenon (100%) | F35: 45089 | G35: Green Hill Park Pond | H35: Green.Hill | I35: Aphanizomenon (100%) | J35: 100 | K35: NA | L35: NA | M35: NA | N35: NA | O35: NA | P35: =COUNTA(J35:O35)-COUNTIF(J35:O35,"NA") -> 1 | Q35: =IF(NOT(J35="NA"),1,"NA") -> 1 | R35: =IF(NOT(L35="NA"),1,"NA") -> NA | S35: =IF(NOT(N35="NA"),1,"NA") -> NA | T35: =IF(NOT(O35="NA"),1,"NA") -> NA | U35: =SUM(Q35:T35) -> 1 | Z35: =CONCATENATE(AD35,"#",AA35) -> Salisbury#2023-05-27 | AA35: 2023-05-27 | AB35: 45073 | AC35: Salisbury Pond | AD35: Salisbury | AE35: Microcystis (25%), Microcystis Debris (75%) | AF35: NA | AG35: NA | AH35: 25 | AI35: 75 | AJ35: NA | AK35: NA | AL35: 2 | AM35: NA | AN35: 1 | AO35: NA | AP35: NA | AQ35: 1 | AR35: X | AS35: =VLOOKUP(Z35,'folder names img count cmds'!I$4:I$651,2,FALSE) -> #REF!
A36: 124 | B36: 45117 | C36: Coes Reservoir | D36: Coes.R | E36: Aphanizomenon (25%), Dolichospermum (75%) | F36: 45117 | G36: Coes Reservoir | H36: Coes.R | I36: Aphanizomenon (25%), Dolichospermum (75%) | J36: 25 | K36: 75 | L36: NA | M36: NA | N36: NA | O36: NA | P36: =COUNTA(J36:O36)-COUNTIF(J36:O36,"NA") -> 2 | Q36: =IF(NOT(J36="NA"),1,"NA") -> 1 | R36: =IF(NOT(L36="NA"),1,"NA") -> NA | S36: =IF(NOT(N36="NA"),1,"NA") -> NA | T36: =IF(NOT(O36="NA"),1,"NA") -> NA | U36: =SUM(Q36:T36) -> 1 | Z36: =CONCATENATE(AD36,"#",AA36) -> Indian#2023-06-12 | AA36: 2023-06-12 | AB36: 45089 | AC36: Indian Lake | AD36: Indian | AE36: Microcystis (20%), Microcystis Debris (80%) | AF36: NA | AG36: NA | AH36: 20 | AI36: 80 | AJ36: NA | AK36: NA | AL36: 2 | AM36: NA | AN36: 1 | AO36: NA | AP36: NA | AQ36: 1 | AR36: X | AS36: =VLOOKUP(Z36,'folder names img count cmds'!I$4:I$651,2,FALSE) -> #REF!
A37: 136 | B37: 45117 | C37: Jordan Pond | D37: Jordan | E37: Aphanizomenon (25%), Dolichospermum (75%) | F37: 45117 | G37: Jordan Pond | H37: Jordan | I37: Aphanizomenon (25%), Dolichospermum (75%) | J37: 25 | K37: 75 | L37: NA | M37: NA | N37: NA | O37: NA | P37: =COUNTA(J37:O37)-COUNTIF(J37:O37,"NA") -> 2 | Q37: =IF(NOT(J37="NA"),1,"NA") -> 1 | R37: =IF(NOT(L37="NA"),1,"NA") -> NA | S37: =IF(NOT(N37="NA"),1,"NA") -> NA | T37: =IF(NOT(O37="NA"),1,"NA") -> NA | U37: =SUM(Q37:T37) -> 1 | Z37: =CONCATENATE(AD37,"#",AA37) -> Lashaway#2023-07-10 | AA37: 2023-07-10 | AB37: 45117 | AC37: Lake Lashaway | AD37: Lashaway | AE37: Microcystis (100%) | AF37: NA | AG37: NA | AH37: 100 | AI37: NA | AJ37: NA | AK37: NA | AL37: 1 | AM37: NA | AN37: 1 | AO37: NA | AP37: NA | AQ37: 1 | AR37: X | AS37: =VLOOKUP(Z37,'folder names img count cmds'!I$4:I$651,2,FALSE) -> #REF!
A38: 140 | B38: 45117 | C38: Lake Quinsigamond | D38: Quinsigamond | E38: Aphanizomenon (75%), Dolichospermum (25%) | F38: 45117 | G38: Lake Quinsigamond | H38: Quinsigamond | I38: Aphanizomenon (75%), Dolichospermum (25%) | J38: 75 | K38: 25 | L38: NA | M38: NA | N38: NA | O38: NA | P38: =COUNTA(J38:O38)-COUNTIF(J38:O38,"NA") -> 2 | Q38: =IF(NOT(J38="NA"),1,"NA") -> 1 | R38: =IF(NOT(L38="NA"),1,"NA") -> NA | S38: =IF(NOT(N38="NA"),1,"NA") -> NA | T38: =IF(NOT(O38="NA"),1,"NA") -> NA | U38: =SUM(Q38:T38) -> 1 | Z38: =CONCATENATE(AD38,"#",AA38) -> Jordan#2023-09-05 | AA38: 2023-09-05 | AB38: 45174 | AC38: Jordan Pond | AD38: Jordan | AE38: Microcystis (25%), Microcystis Debris (75%) | AF38: NA | AG38: NA | AH38: 25 | AI38: 75 | AJ38: NA | AK38: NA | AL38: 2 | AM38: NA | AN38: 1 | AO38: NA | AP38: NA | AQ38: 1 | AR38: X | AS38: =VLOOKUP(Z38,'folder names img count cmds'!I$4:I$651,2,FALSE) -> #REF!
A39: 145 | B39: 45117 | C39: Patch Pond | D39: Patch.P | E39: Aphanizomenon (100%) | F39: 45117 | G39: Patch Pond | H39: Patch.P | I39: Aphanizomenon (100%) | J39: 100 | K39: NA | L39: NA | M39: NA | N39: NA | O39: NA | P39: =COUNTA(J39:O39)-COUNTIF(J39:O39,"NA") -> 1 | Q39: =IF(NOT(J39="NA"),1,"NA") -> 1 | R39: =IF(NOT(L39="NA"),1,"NA") -> NA | S39: =IF(NOT(N39="NA"),1,"NA") -> NA | T39: =IF(NOT(O39="NA"),1,"NA") -> NA | U39: =SUM(Q39:T39) -> 1 | Z39: =CONCATENATE(AD39,"#",AA39) -> Dark.Brook#2023-07-10 | AA39: 2023-07-10 | AB39: 45117 | AC39: Dark Brook Reservoir | AD39: Dark.Brook | AE39: Dolichospermum (50%), Oscillatoria (50%) | AF39: NA | AG39: 50 | AH39: NA | AI39: NA | AJ39: 50 | AK39: NA | AL39: 2 | AM39: NA | AN39: NA | AO39: 1 | AP39: NA | AQ39: 1 | AR39: X | AS39: =VLOOKUP(Z39,'folder names img count cmds'!I$4:I$651,2,FALSE) -> #N/A
A40: 146 | B40: 45117 | C40: Patch Reservoir | D40: Patch.R | E40: Aphanizomenon (25%), Dolichospermum (75%) | F40: 45117 | G40: Patch Reservoir | H40: Patch.R | I40: Aphanizomenon (25%), Dolichospermum (75%) | J40: 25 | K40: 75 | L40: NA | M40: NA | N40: NA | O40: NA | P40: =COUNTA(J40:O40)-COUNTIF(J40:O40,"NA") -> 2 | Q40: =IF(NOT(J40="NA"),1,"NA") -> 1 | R40: =IF(NOT(L40="NA"),1,"NA") -> NA | S40: =IF(NOT(N40="NA"),1,"NA") -> NA | T40: =IF(NOT(O40="NA"),1,"NA") -> NA | U40: =SUM(Q40:T40) -> 1 | Z40: =CONCATENATE(AD40,"#",AA40) -> Patch.P#2023-07-22 | AA40: 2023-07-22 | AB40: 45129 | AC40: Patch Pond | AD40: Patch.P | AE40: Oscillatoria (100%) | AF40: NA | AG40: NA | AH40: NA | AI40: NA | AJ40: 100 | AK40: NA | AL40: 1 | AM40: NA | AN40: NA | AO40: 1 | AP40: NA | AQ40: 1 | AR40: X | AS40: =VLOOKUP(Z40,'folder names img count cmds'!I$4:I$651,2,FALSE) -> #REF!
A41: 154 | B41: 45129 | C41: Coes Reservoir | D41: Coes.R | E41: Aphanizomenon (50%), Dolichospermum (50%) | F41: 45129 | G41: Coes Reservoir | H41: Coes.R | I41: Aphanizomenon (50%), Dolichospermum (50%) | J41: 50 | K41: 50 | L41: NA | M41: NA | N41: NA | O41: NA | P41: =COUNTA(J41:O41)-COUNTIF(J41:O41,"NA") -> 2 | Q41: =IF(NOT(J41="NA"),1,"NA") -> 1 | R41: =IF(NOT(L41="NA"),1,"NA") -> NA | S41: =IF(NOT(N41="NA"),1,"NA") -> NA | T41: =IF(NOT(O41="NA"),1,"NA") -> NA | U41: =SUM(Q41:T41) -> 1 | Z41: =CONCATENATE(AD41,"#",AA41) -> Patch.R#2023-07-22 | AA41: 2023-07-22 | AB41: 45129 | AC41: Patch Reservoir | AD41: Patch.R | AE41: Oscillatoria (100%) | AF41: NA | AG41: NA | AH41: NA | AI41: NA | AJ41: 100 | AK41: NA | AL41: 1 | AM41: NA | AN41: NA | AO41: 1 | AP41: NA | AQ41: 1 | AR41: X | AS41: =VLOOKUP(Z41,'folder names img count cmds'!I$4:I$651,2,FALSE) -> #REF!
A42: 170 | B42: 45129 | C42: Lake Quinsigamond | D42: Quinsigamond | E42: Aphanizomenon (50%) | F42: 45129 | G42: Lake Quinsigamond | H42: Quinsigamond | I42: Aphanizomenon (50%) | J42: 50 | K42: NA | L42: NA | M42: NA | N42: NA | O42: NA | P42: =COUNTA(J42:O42)-COUNTIF(J42:O42,"NA") -> 1 | Q42: =IF(NOT(J42="NA"),1,"NA") -> 1 | R42: =IF(NOT(L42="NA"),1,"NA") -> NA | S42: =IF(NOT(N42="NA"),1,"NA") -> NA | T42: =IF(NOT(O42="NA"),1,"NA") -> NA | U42: =SUM(Q42:T42) -> 1 | Z42: =CONCATENATE(AD42,"#",AA42) -> Patch.R#2023-08-07 | AA42: 2023-08-07 | AB42: 45145 | AC42: Patch Reservoir | AD42: Patch.R | AE42: Oscillatoria (100%) | AF42: NA | AG42: NA | AH42: NA | AI42: NA | AJ42: 100 | AK42: NA | AL42: 1 | AM42: NA | AN42: NA | AO42: 1 | AP42: NA | AQ42: 1 | AR42: X | AS42: =VLOOKUP(Z42,'folder names img count cmds'!I$4:I$651,2,FALSE) -> #REF!
A43: 172 | B43: 45129 | C43: Little Indian Lake | D43: L.Indian | E43: Aphanizomenon (100%) | F43: 45129 | G43: Little Indian Lake | H43: L.Indian | I43: Aphanizomenon (100%) | J43: 100 | K43: NA | L43: NA | M43: NA | N43: NA | O43: NA | P43: =COUNTA(J43:O43)-COUNTIF(J43:O43,"NA") -> 1 | Q43: =IF(NOT(J43="NA"),1,"NA") -> 1 | R43: =IF(NOT(L43="NA"),1,"NA") -> NA | S43: =IF(NOT(N43="NA"),1,"NA") -> NA | T43: =IF(NOT(O43="NA"),1,"NA") -> NA | U43: =SUM(Q43:T43) -> 1 | Z43: =CONCATENATE(AD43,"#",AA43) -> Indian#2023-09-05 | AA43: 2023-09-05 | AB43: 45174 | AC43: Indian Lake | AD43: Indian | AE43: Dolichospermum (30%), Microcystis Debris (50%), Woronichinia (20%) | AF43: NA | AG43: 30 | AH43: NA | AI43: 50 | AJ43: NA | AK43: 20 | AL43: 3 | AM43: NA | AN43: NA | AO43: NA | AP43: 1 | AQ43: 1 | AR43: X | AS43: =VLOOKUP(Z43,'folder names img count cmds'!I$4:I$651,2,FALSE) -> #REF!
A44: 178 | B44: 45129 | C44: Singletary Lake | D44: Singletary | E44: Oscillatoria(75%), Aphanizomenon (25%) | F44: 45129 | G44: Singletary Lake | H44: Singletary | I44: Oscillatoria(75%), Aphanizomenon (25%) | J44: 25 | K44: NA | L44: NA | M44: NA | N44: NA | O44: NA | P44: =COUNTA(J44:O44)-COUNTIF(J44:O44,"NA") -> 1 | Q44: =IF(NOT(J44="NA"),1,"NA") -> 1 | R44: =IF(NOT(L44="NA"),1,"NA") -> NA | S44: =IF(NOT(N44="NA"),1,"NA") -> NA | T44: =IF(NOT(O44="NA"),1,"NA") -> NA | U44: =SUM(Q44:T44) -> 1 | Z44: =CONCATENATE(AD44,"#",AA44) -> Lashaway#2023-09-16 | AA44: 2023-09-16 | AB44: 45185 | AC44: Lake Lashaway | AD44: Lashaway | AE44: Dolichospermum (50%), Woronichinia (50%) | AF44: NA | AG44: 50 | AH44: NA | AI44: NA | AJ44: NA | AK44: 50 | AL44: 2 | AM44: NA | AN44: NA | AO44: NA | AP44: 1 | AQ44: 1 | AR44: X | AS44: =VLOOKUP(Z44,'folder names img count cmds'!I$4:I$651,2,FALSE) -> #REF!
A45: 184 | B45: 45145 | C45: Coes Reservoir | D45: Coes.R | E45: Aphanizomenon (50%), Dolichospermum (50%) | F45: 45145 | G45: Coes Reservoir | H45: Coes.R | I45: Aphanizomenon (50%), Dolichospermum (50%) | J45: 50 | K45: 50 | L45: NA | M45: NA | N45: NA | O45: NA | P45: =COUNTA(J45:O45)-COUNTIF(J45:O45,"NA") -> 2 | Q45: =IF(NOT(J45="NA"),1,"NA") -> 1 | R45: =IF(NOT(L45="NA"),1,"NA") -> NA | S45: =IF(NOT(N45="NA"),1,"NA") -> NA | T45: =IF(NOT(O45="NA"),1,"NA") -> NA | U45: =SUM(Q45:T45) -> 1 | Z45: =CONCATENATE(AD45,"#",AA45) -> Indian#2023-10-02 | AA45: 2023-10-02 | AB45: 45201 | AC45: Indian Lake | AD45: Indian | AE45: Dolichospermum (20%), Microcystis Debris (75%), Woronichinia (5%) | AF45: NA | AG45: 20 | AH45: NA | AI45: 75 | AJ45: NA | AK45: 5 | AL45: 3 | AM45: NA | AN45: NA | AO45: NA | AP45: 1 | AQ45: 1 | AR45: X | AS45: =VLOOKUP(Z45,'folder names img count cmds'!I$4:I$651,2,FALSE) -> #REF!
A46: 204 | B46: 45145 | C46: Newton Pond | D46: Newton | E46: Aphanizomenon (100%) | F46: 45145 | G46: Newton Pond | H46: Newton | I46: Aphanizomenon (100%) | J46: 100 | K46: NA | L46: NA | M46: NA | N46: NA | O46: NA | P46: =COUNTA(J46:O46)-COUNTIF(J46:O46,"NA") -> 1 | Q46: =IF(NOT(J46="NA"),1,"NA") -> 1 | R46: =IF(NOT(L46="NA"),1,"NA") -> NA | S46: =IF(NOT(N46="NA"),1,"NA") -> NA | T46: =IF(NOT(O46="NA"),1,"NA") -> NA | U46: =SUM(Q46:T46) -> 1 | Z46: =CONCATENATE(AD46,"#",AA46) -> Coes.R#2023-10-14 | AA46: 2023-10-14 | AB46: 45213 | AC46: Coes Reservoir | AD46: Coes.R | AE46: Dolichospermum (50%), Microcystis Debris (10%), Woronichinia (40%) | AF46: NA | AG46: 50 | AH46: NA | AI46: 10 | AJ46: NA | AK46: 40 | AL46: 3 | AM46: NA | AN46: NA | AO46: NA | AP46: 1 | AQ46: 1 | AR46: X | AS46: =VLOOKUP(Z46,'folder names img count cmds'!I$4:I$651,2,FALSE) -> #REF!
A47: 229 | B47: 45157 | C47: Lake Lashaway | D47: Lashaway | E47: Aphanizomenon (100%) | F47: 45157 | G47: Lake Lashaway | H47: Lashaway | I47: Aphanizomenon (100%) | J47: 100 | K47: NA | L47: NA | M47: NA | N47: NA | O47: NA | P47: =COUNTA(J47:O47)-COUNTIF(J47:O47,"NA") -> 1 | Q47: =IF(NOT(J47="NA"),1,"NA") -> 1 | R47: =IF(NOT(L47="NA"),1,"NA") -> NA | S47: =IF(NOT(N47="NA"),1,"NA") -> NA | T47: =IF(NOT(O47="NA"),1,"NA") -> NA | U47: =SUM(Q47:T47) -> 1
A48: 262 | B48: 45174 | C48: Little Indian Lake | D48: L.Indian | E48: Aphanizomenon (10%), Dolichospermum (90%) | F48: 45174 | G48: Little Indian Lake | H48: L.Indian | I48: Aphanizomenon (10%), Dolichospermum (90%) | J48: 10 | K48: 90 | L48: NA | M48: NA | N48: NA | O48: NA | P48: =COUNTA(J48:O48)-COUNTIF(J48:O48,"NA") -> 2 | Q48: =IF(NOT(J48="NA"),1,"NA") -> 1 | R48: =IF(NOT(L48="NA"),1,"NA") -> NA | S48: =IF(NOT(N48="NA"),1,"NA") -> NA | T48: =IF(NOT(O48="NA"),1,"NA") -> NA | U48: =SUM(Q48:T48) -> 1
A49: 274 | B49: 45185 | C49: Coes Reservoir | D49: Coes.R | E49: Aphanizomenon (25%), Dolichospermum (75%) | F49: 45185 | G49: Coes Reservoir | H49: Coes.R | I49: Aphanizomenon (25%), Dolichospermum (75%) | J49: 25 | K49: 75 | L49: NA | M49: NA | N49: NA | O49: NA | P49: =COUNTA(J49:O49)-COUNTIF(J49:O49,"NA") -> 2 | Q49: =IF(NOT(J49="NA"),1,"NA") -> 1 | R49: =IF(NOT(L49="NA"),1,"NA") -> NA | S49: =IF(NOT(N49="NA"),1,"NA") -> NA | T49: =IF(NOT(O49="NA"),1,"NA") -> NA | U49: =SUM(Q49:T49) -> 1 | Z49: Lake.date | AA49: date.text | AB49: Date | AC49: Waterbody | AD49: Waterbody.edit | AE49: Dominance | AF49: Aphanizomenon | AG49: Dolichospermum | AH49: Microcystis | AI49: Microcystis_Debris | AJ49: Oscillatoria | AK49: Woronichinia | AL49: NA.count | AM49: Aph.check | AN49: Micro.check | AO49: Osc.check | AP49: Wor.check | AQ49: sum.checks | AR49: select.set | AS49: img.count | AT49: folder | AU49: file list cmd
A50: 290 | B50: 45185 | C50: Lake Quinsigamond | D50: Quinsigamond | E50: Aphanizomenon (50%), Dolichospermum (45%), Microcystis Debris (5%) | F50: 45185 | G50: Lake Quinsigamond | H50: Quinsigamond | I50: Aphanizomenon (50%), Dolichospermum (45%), Microcystis Debris (5%) | J50: 50 | K50: 45 | L50: NA | M50: 5 | N50: NA | O50: NA | P50: =COUNTA(J50:O50)-COUNTIF(J50:O50,"NA") -> 3 | Q50: =IF(NOT(J50="NA"),1,"NA") -> 1 | R50: =IF(NOT(L50="NA"),1,"NA") -> NA | S50: =IF(NOT(N50="NA"),1,"NA") -> NA | T50: =IF(NOT(O50="NA"),1,"NA") -> NA | U50: =SUM(Q50:T50) -> 1 | Z50: =CONCATENATE(AD50,"#",AA50) -> Chauncy#2023-08-07 | AA50: 2023-08-07 | AB50: 45145 | AC50: Lake Chauncy | AD50: Chauncy | AE50: Aphanizomenon (10%), Dolichospermum (60%), Microcystis (10%), Microcystis Debris (20%), Woronichinia (0%) | AF50: 10 | AG50: 60 | AH50: 10 | AI50: 20 | AJ50: NA | AK50: 0 | AL50: 5 | AM50: 1 | AN50: 1 | AO50: NA | AP50: 1 | AQ50: 3 | AR50: X | AS50: =VLOOKUP(Z50,'folder names img count cmds'!I$4:I$651,2,FALSE) -> #REF! | AT50: =VLOOKUP(Z50,'folder names img count cmds'!I$4:J$651,3,FALSE) -> #REF! | AU50: =CONCATENATE("ls ",AT50," > ",Z50,"_img_file_list.txt") -> #REF!
A51: 302 | B51: 45201 | C51: Burncoat Pond | D51: Burncoat | E51: Aphanizomenon (50%), Microcystis Debris (50%) | F51: 45201 | G51: Burncoat Pond | H51: Burncoat | I51: Aphanizomenon (50%), Microcystis Debris (50%) | J51: 50 | K51: NA | L51: NA | M51: 50 | N51: NA | O51: NA | P51: =COUNTA(J51:O51)-COUNTIF(J51:O51,"NA") -> 2 | Q51: =IF(NOT(J51="NA"),1,"NA") -> 1 | R51: =IF(NOT(L51="NA"),1,"NA") -> NA | S51: =IF(NOT(N51="NA"),1,"NA") -> NA | T51: =IF(NOT(O51="NA"),1,"NA") -> NA | U51: =SUM(Q51:T51) -> 1 | Z51: =CONCATENATE(AD51,"#",AA51) -> Chauncy#2023-09-16 | AA51: 2023-09-16 | AB51: 45185 | AC51: Lake Chauncy | AD51: Chauncy | AE51: Aphanizomenon (10%), Dolichospermum (60%), Microcystis (15%), Microcystis Debris (15%), Woronichinia (0%) | AF51: 10 | AG51: 60 | AH51: 15 | AI51: 15 | AJ51: NA | AK51: 0 | AL51: 5 | AM51: 1 | AN51: 1 | AO51: NA | AP51: 1 | AQ51: 3 | AR51: X | AS51: =VLOOKUP(Z51,'folder names img count cmds'!I$4:I$651,2,FALSE) -> #REF! | AT51: =VLOOKUP(Z51,'folder names img count cmds'!I$4:J$651,3,FALSE) -> #REF! | AU51: =CONCATENATE("ls ",AT51," > ",Z51,"_img_file_list.txt") -> #REF!
A52: 304 | B52: 45201 | C52: Coes Reservoir | D52: Coes.R | E52: Aphanizomenon (50%), Dolichospermum (50%) | F52: 45201 | G52: Coes Reservoir | H52: Coes.R | I52: Aphanizomenon (50%), Dolichospermum (50%) | J52: 50 | K52: 50 | L52: NA | M52: NA | N52: NA | O52: NA | P52: =COUNTA(J52:O52)-COUNTIF(J52:O52,"NA") -> 2 | Q52: =IF(NOT(J52="NA"),1,"NA") -> 1 | R52: =IF(NOT(L52="NA"),1,"NA") -> NA | S52: =IF(NOT(N52="NA"),1,"NA") -> NA | T52: =IF(NOT(O52="NA"),1,"NA") -> NA | U52: =SUM(Q52:T52) -> 1 | Z52: =CONCATENATE(AD52,"#",AA52) -> Indian#2023-07-10 | AA52: 2023-07-10 | AB52: 45117 | AC52: Indian Lake | AD52: Indian | AE52: Aphanizomenon (25%), Dolichospermum (25%), Woronichinia (50%) | AF52: 25 | AG52: 25 | AH52: NA | AI52: NA | AJ52: NA | AK52: 50 | AL52: 3 | AM52: 1 | AN52: NA | AO52: NA | AP52: 1 | AQ52: 2 | AR52: X | AS52: =VLOOKUP(Z52,'folder names img count cmds'!I$4:I$651,2,FALSE) -> #REF! | AT52: =VLOOKUP(Z52,'folder names img count cmds'!I$4:J$651,3,FALSE) -> #REF! | AU52: =CONCATENATE("ls ",AT52," > ",Z52,"_img_file_list.txt") -> #REF!
A53: 349 | B53: 45213 | C53: Lake Lashaway | D53: Lashaway | E53: Aphanizomenon (85%), Dolichospermum (10%), Microcystis Debris (5%) | F53: 45213 | G53: Lake Lashaway | H53: Lashaway | I53: Aphanizomenon (85%), Dolichospermum (10%), Microcystis Debris (5%) | J53: 85 | K53: 10 | L53: NA | M53: 5 | N53: NA | O53: NA | P53: =COUNTA(J53:O53)-COUNTIF(J53:O53,"NA") -> 3 | Q53: =IF(NOT(J53="NA"),1,"NA") -> 1 | R53: =IF(NOT(L53="NA"),1,"NA") -> NA | S53: =IF(NOT(N53="NA"),1,"NA") -> NA | T53: =IF(NOT(O53="NA"),1,"NA") -> NA | U53: =SUM(Q53:T53) -> 1 | Z53: =CONCATENATE(AD53,"#",AA53) -> Chauncy#2023-07-22 | AA53: 2023-07-22 | AB53: 45129 | AC53: Lake Chauncy | AD53: Chauncy | AE53: Aphanizomenon (25%), Dolichospermum (50%), Microcystis Debris (20%), Woronichinia (5%) | AF53: 25 | AG53: 50 | AH53: NA | AI53: 20 | AJ53: NA | AK53: 5 | AL53: 4 | AM53: 1 | AN53: NA | AO53: NA | AP53: 1 | AQ53: 2 | AR53: X | AS53: =VLOOKUP(Z53,'folder names img count cmds'!I$4:I$651,2,FALSE) -> #REF! | AT53: =VLOOKUP(Z53,'folder names img count cmds'!I$4:J$651,3,FALSE) -> #REF! | AU53: =CONCATENATE("ls ",AT53," > ",Z53,"_img_file_list.txt") -> #REF!
A54: 375 | B54: 45229 | C54: Jordan Pond | D54: Jordan | E54: Aphanizomenon (100%) | F54: 45229 | G54: Jordan Pond | H54: Jordan | I54: Aphanizomenon (100%) | J54: 100 | K54: NA | L54: NA | M54: NA | N54: NA | O54: NA | P54: =COUNTA(J54:O54)-COUNTIF(J54:O54,"NA") -> 1 | Q54: =IF(NOT(J54="NA"),1,"NA") -> 1 | R54: =IF(NOT(L54="NA"),1,"NA") -> NA | S54: =IF(NOT(N54="NA"),1,"NA") -> NA | T54: =IF(NOT(O54="NA"),1,"NA") -> NA | U54: =SUM(Q54:T54) -> 1 | Z54: =CONCATENATE(AD54,"#",AA54) -> Green.Hill#2023-08-07 | AA54: 2023-08-07 | AB54: 45145 | AC54: Green Hill Park Pond | AD54: Green.Hill | AE54: Aphanizomenon (25%), Dolichospermum (50%), Microcystis Debris (5%), Woronichinia (20%) | AF54: 25 | AG54: 50 | AH54: NA | AI54: 5 | AJ54: NA | AK54: 20 | AL54: 4 | AM54: 1 | AN54: NA | AO54: NA | AP54: 1 | AQ54: 2 | AR54: X | AS54: =VLOOKUP(Z54,'folder names img count cmds'!I$4:I$651,2,FALSE) -> #REF! | AT54: =VLOOKUP(Z54,'folder names img count cmds'!I$4:J$651,3,FALSE) -> #REF! | AU54: =CONCATENATE("ls ",AT54," > ",Z54,"_img_file_list.txt") -> #REF!
A55: 379 | B55: 45229 | C55: Lake Quinsigamond | D55: Quinsigamond | E55: Aphanizomenon (100%) | F55: 45229 | G55: Lake Quinsigamond | H55: Quinsigamond | I55: Aphanizomenon (100%) | J55: 100 | K55: NA | L55: NA | M55: NA | N55: NA | O55: NA | P55: =COUNTA(J55:O55)-COUNTIF(J55:O55,"NA") -> 1 | Q55: =IF(NOT(J55="NA"),1,"NA") -> 1 | R55: =IF(NOT(L55="NA"),1,"NA") -> NA | S55: =IF(NOT(N55="NA"),1,"NA") -> NA | T55: =IF(NOT(O55="NA"),1,"NA") -> NA | U55: =SUM(Q55:T55) -> 1 | Z55: =CONCATENATE(AD55,"#",AA55) -> Quinsigamond#2023-08-07 | AA55: 2023-08-07 | AB55: 45145 | AC55: Lake Quinsigamond | AD55: Quinsigamond | AE55: Aphanizomenon (40%), Dolichospermum (40%), Microcystis Debris (10%), Woronichinia (10%) | AF55: 40 | AG55: 40 | AH55: NA | AI55: 10 | AJ55: NA | AK55: 10 | AL55: 4 | AM55: 1 | AN55: NA | AO55: NA | AP55: 1 | AQ55: 2 | AR55: X | AS55: =VLOOKUP(Z55,'folder names img count cmds'!I$4:I$651,2,FALSE) -> #REF! | AT55: =VLOOKUP(Z55,'folder names img count cmds'!I$4:J$651,3,FALSE) -> #REF! | AU55: =CONCATENATE("ls ",AT55," > ",Z55,"_img_file_list.txt") -> #REF!
A56: 2 | B56: 45045 | C56: Burncoat Pond | D56: Burncoat | E56: Dolichospermum (10%), Microcystis (90%) | F56: 45045 | G56: Burncoat Pond | H56: Burncoat | I56: Dolichospermum (10%), Microcystis (90%) | J56: NA | K56: 10 | L56: 90 | M56: NA | N56: NA | O56: NA | P56: =COUNTA(J56:O56)-COUNTIF(J56:O56,"NA") -> 2 | Q56: =IF(NOT(J56="NA"),1,"NA") -> NA | R56: =IF(NOT(L56="NA"),1,"NA") -> 1 | S56: =IF(NOT(N56="NA"),1,"NA") -> NA | T56: =IF(NOT(O56="NA"),1,"NA") -> NA | U56: =SUM(Q56:T56) -> 1 | Z56: =CONCATENATE(AD56,"#",AA56) -> Quinsigamond#2023-08-19 | AA56: 2023-08-19 | AB56: 45157 | AC56: Lake Quinsigamond | AD56: Quinsigamond | AE56: Aphanizomenon (75%), Dolichospermum (5%), Microcystis Debris (20%), Woronichinia (0%) | AF56: 75 | AG56: 5 | AH56: NA | AI56: 20 | AJ56: NA | AK56: 0 | AL56: 4 | AM56: 1 | AN56: NA | AO56: NA | AP56: 1 | AQ56: 2 | AR56: X | AS56: =VLOOKUP(Z56,'folder names img count cmds'!I$4:I$651,2,FALSE) -> #REF! | AT56: =VLOOKUP(Z56,'folder names img count cmds'!I$4:J$651,3,FALSE) -> #REF! | AU56: =CONCATENATE("ls ",AT56," > ",Z56,"_img_file_list.txt") -> #REF!
A57: 15 | B57: 45045 | C57: Indian Lake | D57: Indian | E57: Microcystis (20%), Microcystis Debris (80%) | F57: 45045 | G57: Indian Lake | H57: Indian | I57: Microcystis (20%), Microcystis Debris (80%) | J57: NA | K57: NA | L57: 20 | M57: 80 | N57: NA | O57: NA | P57: =COUNTA(J57:O57)-COUNTIF(J57:O57,"NA") -> 2 | Q57: =IF(NOT(J57="NA"),1,"NA") -> NA | R57: =IF(NOT(L57="NA"),1,"NA") -> 1 | S57: =IF(NOT(N57="NA"),1,"NA") -> NA | T57: =IF(NOT(O57="NA"),1,"NA") -> NA | U57: =SUM(Q57:T57) -> 1 | Z57: =CONCATENATE(AD57,"#",AA57) -> Quinsigamond#2023-09-05 | AA57: 2023-09-05 | AB57: 45174 | AC57: Lake Quinsigamond | AD57: Quinsigamond | AE57: Aphanizomenon (75%), Dolichospermum (5%), Microcystis Debris (15%), Woronichinia (5%) | AF57: 75 | AG57: 5 | AH57: NA | AI57: 15 | AJ57: NA | AK57: 5 | AL57: 4 | AM57: 1 | AN57: NA | AO57: NA | AP57: 1 | AQ57: 2 | AR57: X | AS57: =VLOOKUP(Z57,'folder names img count cmds'!I$4:I$651,2,FALSE) -> #REF! | AT57: =VLOOKUP(Z57,'folder names img count cmds'!I$4:J$651,3,FALSE) -> #REF! | AU57: =CONCATENATE("ls ",AT57," > ",Z57,"_img_file_list.txt") -> #REF!
A58: 17 | B58: 45045 | C58: Kiver Pond | D58: Kiver | E58: Microcystis (100%) | F58: 45045 | G58: Kiver Pond | H58: Kiver | I58: Microcystis (100%) | J58: NA | K58: NA | L58: 100 | M58: NA | N58: NA | O58: NA | P58: =COUNTA(J58:O58)-COUNTIF(J58:O58,"NA") -> 1 | Q58: =IF(NOT(J58="NA"),1,"NA") -> NA | R58: =IF(NOT(L58="NA"),1,"NA") -> 1 | S58: =IF(NOT(N58="NA"),1,"NA") -> NA | T58: =IF(NOT(O58="NA"),1,"NA") -> NA | U58: =SUM(Q58:T58) -> 1 | Z58: =CONCATENATE(AD58,"#",AA58) -> Jordan#2023-09-16 | AA58: 2023-09-16 | AB58: 45185 | AC58: Jordan Pond | AD58: Jordan | AE58: Microcystis (75%), Microcystis Debris (5%), Oscillatoria (20%) | AF58: NA | AG58: NA | AH58: 75 | AI58: 5 | AJ58: 20 | AK58: NA | AL58: 3 | AM58: NA | AN58: 1 | AO58: 1 | AP58: NA | AQ58: 2 | AR58: X | AS58: =VLOOKUP(Z58,'folder names img count cmds'!I$4:I$651,2,FALSE) -> #N/A | AT58: =VLOOKUP(Z58,'folder names img count cmds'!I$4:J$651,3,FALSE) -> #N/A | AU58: =CONCATENATE("ls ",AT58," > ",Z58,"_img_file_list.txt") -> #N/A
A59: 26 | B59: 45045 | C59: Patch Reservoir | D59: Patch.R | E59: Microcystis (100%) | F59: 45045 | G59: Patch Reservoir | H59: Patch.R | I59: Microcystis (100%) | J59: NA | K59: NA | L59: 100 | M59: NA | N59: NA | O59: NA | P59: =COUNTA(J59:O59)-COUNTIF(J59:O59,"NA") -> 1 | Q59: =IF(NOT(J59="NA"),1,"NA") -> NA | R59: =IF(NOT(L59="NA"),1,"NA") -> 1 | S59: =IF(NOT(N59="NA"),1,"NA") -> NA | T59: =IF(NOT(O59="NA"),1,"NA") -> NA | U59: =SUM(Q59:T59) -> 1 | Z59: =CONCATENATE(AD59,"#",AA59) -> Quinsigamond#2023-05-15 | AA59: 2023-05-15 | AB59: 45061 | AC59: Lake Quinsigamond | AD59: Quinsigamond | AE59: Microcystis (100%) | AF59: NA | AG59: NA | AH59: 100 | AI59: NA | AJ59: NA | AK59: NA | AL59: 1 | AM59: NA | AN59: 1 | AO59: NA | AP59: NA | AQ59: 1 | AR59: X | AS59: =VLOOKUP(Z59,'folder names img count cmds'!I$4:I$651,2,FALSE) -> #REF! | AT59: =VLOOKUP(Z59,'folder names img count cmds'!I$4:J$651,3,FALSE) -> #REF! | AU59: =CONCATENATE("ls ",AT59," > ",Z59,"_img_file_list.txt") -> #REF!
A60: 27 | B60: 45045 | C60: Salisbury Pond | D60: Salisbury | E60: Microcystis (90%), Microcystis Debris (10%) | F60: 45045 | G60: Salisbury Pond | H60: Salisbury | I60: Microcystis (90%), Microcystis Debris (10%) | J60: NA | K60: NA | L60: 90 | M60: 10 | N60: NA | O60: NA | P60: =COUNTA(J60:O60)-COUNTIF(J60:O60,"NA") -> 2 | Q60: =IF(NOT(J60="NA"),1,"NA") -> NA | R60: =IF(NOT(L60="NA"),1,"NA") -> 1 | S60: =IF(NOT(N60="NA"),1,"NA") -> NA | T60: =IF(NOT(O60="NA"),1,"NA") -> NA | U60: =SUM(Q60:T60) -> 1 | Z60: =CONCATENATE(AD60,"#",AA60) -> L.Indian#2023-05-15 | AA60: 2023-05-15 | AB60: 45061 | AC60: Little Indian Lake | AD60: L.Indian | AE60: Microcystis (100%) | AF60: NA | AG60: NA | AH60: 100 | AI60: NA | AJ60: NA | AK60: NA | AL60: 1 | AM60: NA | AN60: 1 | AO60: NA | AP60: NA | AQ60: 1 | AR60: X | AS60: =VLOOKUP(Z60,'folder names img count cmds'!I$4:I$651,2,FALSE) -> #REF! | AT60: =VLOOKUP(Z60,'folder names img count cmds'!I$4:J$651,3,FALSE) -> #REF! | AU60: =CONCATENATE("ls ",AT60," > ",Z60,"_img_file_list.txt") -> #REF!
A61: 37 | B61: 45061 | C61: Curtis Pond | D61: Curtis | E61: Dolichospermum (10%), Microcystis (10%), Microcystis Debris (80%) | F61: 45061 | G61: Curtis Pond | H61: Curtis | I61: Dolichospermum (10%), Microcystis (10%), Microcystis Debris (80%) | J61: NA | K61: 10 | L61: 10 | M61: 80 | N61: NA | O61: NA | P61: =COUNTA(J61:O61)-COUNTIF(J61:O61,"NA") -> 3 | Q61: =IF(NOT(J61="NA"),1,"NA") -> NA | R61: =IF(NOT(L61="NA"),1,"NA") -> 1 | S61: =IF(NOT(N61="NA"),1,"NA") -> NA | T61: =IF(NOT(O61="NA"),1,"NA") -> NA | U61: =SUM(Q61:T61) -> 1 | Z61: =CONCATENATE(AD61,"#",AA61) -> Indian#2023-05-27 | AA61: 2023-05-27 | AB61: 45073 | AC61: Indian Lake | AD61: Indian | AE61: Microcystis (10%), Microcystis Debris (90%) | AF61: NA | AG61: NA | AH61: 10 | AI61: 90 | AJ61: NA | AK61: NA | AL61: 2 | AM61: NA | AN61: 1 | AO61: NA | AP61: NA | AQ61: 1 | AR61: X | AS61: =VLOOKUP(Z61,'folder names img count cmds'!I$4:I$651,2,FALSE) -> #REF! | AT61: =VLOOKUP(Z61,'folder names img count cmds'!I$4:J$651,3,FALSE) -> #REF! | AU61: =CONCATENATE("ls ",AT61," > ",Z61,"_img_file_list.txt") -> #REF!
A62: 50 | B62: 45061 | C62: Lake Quinsigamond | D62: Quinsigamond | E62: Microcystis (100%) | F62: 45061 | G62: Lake Quinsigamond | H62: Quinsigamond | I62: Microcystis (100%) | J62: NA | K62: NA | L62: 100 | M62: NA | N62: NA | O62: NA | P62: =COUNTA(J62:O62)-COUNTIF(J62:O62,"NA") -> 1 | Q62: =IF(NOT(J62="NA"),1,"NA") -> NA | R62: =IF(NOT(L62="NA"),1,"NA") -> 1 | S62: =IF(NOT(N62="NA"),1,"NA") -> NA | T62: =IF(NOT(O62="NA"),1,"NA") -> NA | U62: =SUM(Q62:T62) -> 1 | V62: X | Z62: =CONCATENATE(AD62,"#",AA62) -> Salisbury#2023-05-27 | AA62: 2023-05-27 | AB62: 45073 | AC62: Salisbury Pond | AD62: Salisbury | AE62: Microcystis (25%), Microcystis Debris (75%) | AF62: NA | AG62: NA | AH62: 25 | AI62: 75 | AJ62: NA | AK62: NA | AL62: 2 | AM62: NA | AN62: 1 | AO62: NA | AP62: NA | AQ62: 1 | AR62: X | AS62: =VLOOKUP(Z62,'folder names img count cmds'!I$4:I$651,2,FALSE) -> #REF! | AT62: =VLOOKUP(Z62,'folder names img count cmds'!I$4:J$651,3,FALSE) -> #REF! | AU62: =CONCATENATE("ls ",AT62," > ",Z62,"_img_file_list.txt") -> #REF!
A63: 52 | B63: 45061 | C63: Little Indian Lake | D63: L.Indian | E63: Microcystis (100%) | F63: 45061 | G63: Little Indian Lake | H63: L.Indian | I63: Microcystis (100%) | J63: NA | K63: NA | L63: 100 | M63: NA | N63: NA | O63: NA | P63: =COUNTA(J63:O63)-COUNTIF(J63:O63,"NA") -> 1 | Q63: =IF(NOT(J63="NA"),1,"NA") -> NA | R63: =IF(NOT(L63="NA"),1,"NA") -> 1 | S63: =IF(NOT(N63="NA"),1,"NA") -> NA | T63: =IF(NOT(O63="NA"),1,"NA") -> NA | U63: =SUM(Q63:T63) -> 1 | V63: X | Z63: =CONCATENATE(AD63,"#",AA63) -> Patch.P#2023-07-22 | AA63: 2023-07-22 | AB63: 45129 | AC63: Patch Pond | AD63: Patch.P | AE63: Oscillatoria (100%) | AF63: NA | AG63: NA | AH63: NA | AI63: NA | AJ63: 100 | AK63: NA | AL63: 1 | AM63: NA | AN63: NA | AO63: 1 | AP63: NA | AQ63: 1 | AR63: X | AS63: =VLOOKUP(Z63,'folder names img count cmds'!I$4:I$651,2,FALSE) -> #REF! | AT63: =VLOOKUP(Z63,'folder names img count cmds'!I$4:J$651,3,FALSE) -> #REF! | AU63: =CONCATENATE("ls ",AT63," > ",Z63,"_img_file_list.txt") -> #REF!
A64: 75 | B64: 45073 | C64: Indian Lake | D64: Indian | E64: Microcystis (10%), Microcystis Debris (90%) | F64: 45073 | G64: Indian Lake | H64: Indian | I64: Microcystis (10%), Microcystis Debris (90%) | J64: NA | K64: NA | L64: 10 | M64: 90 | N64: NA | O64: NA | P64: =COUNTA(J64:O64)-COUNTIF(J64:O64,"NA") -> 2 | Q64: =IF(NOT(J64="NA"),1,"NA") -> NA | R64: =IF(NOT(L64="NA"),1,"NA") -> 1 | S64: =IF(NOT(N64="NA"),1,"NA") -> NA | T64: =IF(NOT(O64="NA"),1,"NA") -> NA | U64: =SUM(Q64:T64) -> 1 | V64: X | Z64: =CONCATENATE(AD64,"#",AA64) -> Patch.R#2023-07-22 | AA64: 2023-07-22 | AB64: 45129 | AC64: Patch Reservoir | AD64: Patch.R | AE64: Oscillatoria (100%) | AF64: NA | AG64: NA | AH64: NA | AI64: NA | AJ64: 100 | AK64: NA | AL64: 1 | AM64: NA | AN64: NA | AO64: 1 | AP64: NA | AQ64: 1 | AR64: X | AS64: =VLOOKUP(Z64,'folder names img count cmds'!I$4:I$651,2,FALSE) -> #REF! | AT64: =VLOOKUP(Z64,'folder names img count cmds'!I$4:J$651,3,FALSE) -> #REF! | AU64: =CONCATENATE("ls ",AT64," > ",Z64,"_img_file_list.txt") -> #REF!
A65: 87 | B65: 45073 | C65: Salisbury Pond | D65: Salisbury | E65: Microcystis (25%), Microcystis Debris (75%) | F65: 45073 | G65: Salisbury Pond | H65: Salisbury | I65: Microcystis (25%), Microcystis Debris (75%) | J65: NA | K65: NA | L65: 25 | M65: 75 | N65: NA | O65: NA | P65: =COUNTA(J65:O65)-COUNTIF(J65:O65,"NA") -> 2 | Q65: =IF(NOT(J65="NA"),1,"NA") -> NA | R65: =IF(NOT(L65="NA"),1,"NA") -> 1 | S65: =IF(NOT(N65="NA"),1,"NA") -> NA | T65: =IF(NOT(O65="NA"),1,"NA") -> NA | U65: =SUM(Q65:T65) -> 1 | V65: X | Z65: =CONCATENATE(AD65,"#",AA65) -> Patch.R#2023-08-07 | AA65: 2023-08-07 | AB65: 45145 | AC65: Patch Reservoir | AD65: Patch.R | AE65: Oscillatoria (100%) | AF65: NA | AG65: NA | AH65: NA | AI65: NA | AJ65: 100 | AK65: NA | AL65: 1 | AM65: NA | AN65: NA | AO65: 1 | AP65: NA | AQ65: 1 | AR65: X | AS65: =VLOOKUP(Z65,'folder names img count cmds'!I$4:I$651,2,FALSE) -> #REF! | AT65: =VLOOKUP(Z65,'folder names img count cmds'!I$4:J$651,3,FALSE) -> #REF! | AU65: =CONCATENATE("ls ",AT65," > ",Z65,"_img_file_list.txt") -> #REF!
A66: 105 | B66: 45089 | C66: Indian Lake | D66: Indian | E66: Microcystis (20%), Microcystis Debris (80%) | F66: 45089 | G66: Indian Lake | H66: Indian | I66: Microcystis (20%), Microcystis Debris (80%) | J66: NA | K66: NA | L66: 20 | M66: 80 | N66: NA | O66: NA | P66: =COUNTA(J66:O66)-COUNTIF(J66:O66,"NA") -> 2 | Q66: =IF(NOT(J66="NA"),1,"NA") -> NA | R66: =IF(NOT(L66="NA"),1,"NA") -> 1 | S66: =IF(NOT(N66="NA"),1,"NA") -> NA | T66: =IF(NOT(O66="NA"),1,"NA") -> NA | U66: =SUM(Q66:T66) -> 1 | V66: X
A67: 122 | B67: 45117 | C67: Burncoat Pond | D67: Burncoat | E67: Dolichospermum (75%), Microcystis (25%) | F67: 45117 | G67: Burncoat Pond | H67: Burncoat | I67: Dolichospermum (75%), Microcystis (25%) | J67: NA | K67: 75 | L67: 25 | M67: NA | N67: NA | O67: NA | P67: =COUNTA(J67:O67)-COUNTIF(J67:O67,"NA") -> 2 | Q67: =IF(NOT(J67="NA"),1,"NA") -> NA | R67: =IF(NOT(L67="NA"),1,"NA") -> 1 | S67: =IF(NOT(N67="NA"),1,"NA") -> NA | T67: =IF(NOT(O67="NA"),1,"NA") -> NA | U67: =SUM(Q67:T67) -> 1
A68: 138 | B68: 45117 | C68: Lake Chauncy | D68: Chauncy | E68: Dolichospermum (50%), Microcystis (25%), Microcystis Debris (25%) | F68: 45117 | G68: Lake Chauncy | H68: Chauncy | I68: Dolichospermum (50%), Microcystis (25%), Microcystis Debris (25%) | J68: NA | K68: 50 | L68: 25 | M68: 25 | N68: NA | O68: NA | P68: =COUNTA(J68:O68)-COUNTIF(J68:O68,"NA") -> 3 | Q68: =IF(NOT(J68="NA"),1,"NA") -> NA | R68: =IF(NOT(L68="NA"),1,"NA") -> 1 | S68: =IF(NOT(N68="NA"),1,"NA") -> NA | T68: =IF(NOT(O68="NA"),1,"NA") -> NA | U68: =SUM(Q68:T68) -> 1
A69: 139 | B69: 45117 | C69: Lake Lashaway | D69: Lashaway | E69: Microcystis (100%) | F69: 45117 | G69: Lake Lashaway | H69: Lashaway | I69: Microcystis (100%) | J69: NA | K69: NA | L69: 100 | M69: NA | N69: NA | O69: NA | P69: =COUNTA(J69:O69)-COUNTIF(J69:O69,"NA") -> 1 | Q69: =IF(NOT(J69="NA"),1,"NA") -> NA | R69: =IF(NOT(L69="NA"),1,"NA") -> 1 | S69: =IF(NOT(N69="NA"),1,"NA") -> NA | T69: =IF(NOT(O69="NA"),1,"NA") -> NA | U69: =SUM(Q69:T69) -> 1 | V69: X
A70: 165 | B70: 45129 | C70: Indian Lake | D70: Indian | E70: Dolichospermum (50%), Microcystis (25%) | F70: 45129 | G70: Indian Lake | H70: Indian | I70: Dolichospermum (50%), Microcystis (25%) | J70: NA | K70: 50 | L70: 25 | M70: NA | N70: NA | O70: NA | P70: =COUNTA(J70:O70)-COUNTIF(J70:O70,"NA") -> 2 | Q70: =IF(NOT(J70="NA"),1,"NA") -> NA | R70: =IF(NOT(L70="NA"),1,"NA") -> 1 | S70: =IF(NOT(N70="NA"),1,"NA") -> NA | T70: =IF(NOT(O70="NA"),1,"NA") -> NA | U70: =SUM(Q70:T70) -> 1
A71: 173 | B71: 45129 | C71: Manchaug Pond | D71: Manchaug | E71: Dolichospermum (75%), Microcystis (25%) | F71: 45129 | G71: Manchaug Pond | H71: Manchaug | I71: Dolichospermum (75%), Microcystis (25%) | J71: NA | K71: 75 | L71: 25 | M71: NA | N71: NA | O71: NA | P71: =COUNTA(J71:O71)-COUNTIF(J71:O71,"NA") -> 2 | Q71: =IF(NOT(J71="NA"),1,"NA") -> NA | R71: =IF(NOT(L71="NA"),1,"NA") -> 1 | S71: =IF(NOT(N71="NA"),1,"NA") -> NA | T71: =IF(NOT(O71="NA"),1,"NA") -> NA | U71: =SUM(Q71:T71) -> 1
A72: 202 | B72: 45145 | C72: Little Indian Lake | D72: L.Indian | E72: Dolichospermum (75%), Microcystis (25%) | F72: 45145 | G72: Little Indian Lake | H72: L.Indian | I72: Dolichospermum (75%), Microcystis (25%) | J72: NA | K72: 75 | L72: 25 | M72: NA | N72: NA | O72: NA | P72: =COUNTA(J72:O72)-COUNTIF(J72:O72,"NA") -> 2 | Q72: =IF(NOT(J72="NA"),1,"NA") -> NA | R72: =IF(NOT(L72="NA"),1,"NA") -> 1 | S72: =IF(NOT(N72="NA"),1,"NA") -> NA | T72: =IF(NOT(O72="NA"),1,"NA") -> NA | U72: =SUM(Q72:T72) -> 1
A73: 256 | B73: 45174 | C73: Jordan Pond | D73: Jordan | E73: Microcystis (25%), Microcystis Debris (75%) | F73: 45174 | G73: Jordan Pond | H73: Jordan | I73: Microcystis (25%), Microcystis Debris (75%) | J73: NA | K73: NA | L73: 25 | M73: 75 | N73: NA | O73: NA | P73: =COUNTA(J73:O73)-COUNTIF(J73:O73,"NA") -> 2 | Q73: =IF(NOT(J73="NA"),1,"NA") -> NA | R73: =IF(NOT(L73="NA"),1,"NA") -> 1 | S73: =IF(NOT(N73="NA"),1,"NA") -> NA | T73: =IF(NOT(O73="NA"),1,"NA") -> NA | U73: =SUM(Q73:T73) -> 1 | V73: X
A74: 263 | B74: 45174 | C74: Manchaug Pond | D74: Manchaug | E74: Microcystis (100%) | F74: 45174 | G74: Manchaug Pond | H74: Manchaug | I74: Microcystis (100%) | J74: NA | K74: NA | L74: 100 | M74: NA | N74: NA | O74: NA | P74: =COUNTA(J74:O74)-COUNTIF(J74:O74,"NA") -> 1 | Q74: =IF(NOT(J74="NA"),1,"NA") -> NA | R74: =IF(NOT(L74="NA"),1,"NA") -> 1 | S74: =IF(NOT(N74="NA"),1,"NA") -> NA | T74: =IF(NOT(O74="NA"),1,"NA") -> NA | U74: =SUM(Q74:T74) -> 1
A75: 293 | B75: 45185 | C75: Manchaug Pond | D75: Manchaug | E75: Dolichospermum (50%), Microcystis (50%) | F75: 45185 | G75: Manchaug Pond | H75: Manchaug | I75: Dolichospermum (50%), Microcystis (50%) | J75: NA | K75: 50 | L75: 50 | M75: NA | N75: NA | O75: NA | P75: =COUNTA(J75:O75)-COUNTIF(J75:O75,"NA") -> 2 | Q75: =IF(NOT(J75="NA"),1,"NA") -> NA | R75: =IF(NOT(L75="NA"),1,"NA") -> 1 | S75: =IF(NOT(N75="NA"),1,"NA") -> NA | T75: =IF(NOT(O75="NA"),1,"NA") -> NA | U75: =SUM(Q75:T75) -> 1
A76: 316 | B76: 45201 | C76: Jordan Pond | D76: Jordan | E76: Microcystis (100%) | F76: 45201 | G76: Jordan Pond | H76: Jordan | I76: Microcystis (100%) | J76: NA | K76: NA | L76: 100 | M76: NA | N76: NA | O76: NA | P76: =COUNTA(J76:O76)-COUNTIF(J76:O76,"NA") -> 1 | Q76: =IF(NOT(J76="NA"),1,"NA") -> NA | R76: =IF(NOT(L76="NA"),1,"NA") -> 1 | S76: =IF(NOT(N76="NA"),1,"NA") -> NA | T76: =IF(NOT(O76="NA"),1,"NA") -> NA | U76: =SUM(Q76:T76) -> 1
A77: 352 | B77: 45213 | C77: Little Indian Lake | D77: L.Indian | E77: Microcystis (100%) | F77: 45213 | G77: Little Indian Lake | H77: L.Indian | I77: Microcystis (100%) | J77: NA | K77: NA | L77: 100 | M77: NA | N77: NA | O77: NA | P77: =COUNTA(J77:O77)-COUNTIF(J77:O77,"NA") -> 1 | Q77: =IF(NOT(J77="NA"),1,"NA") -> NA | R77: =IF(NOT(L77="NA"),1,"NA") -> 1 | S77: =IF(NOT(N77="NA"),1,"NA") -> NA | T77: =IF(NOT(O77="NA"),1,"NA") -> NA | U77: =SUM(Q77:T77) -> 1
A78: 361 | B78: 45229 | C78: Burncoat Pond | D78: Burncoat | E78: Dolichospermum (5%), Microcystis (75%), Microcystis Debris (20%) | F78: 45229 | G78: Burncoat Pond | H78: Burncoat | I78: Dolichospermum (5%), Microcystis (75%), Microcystis Debris (20%) | J78: NA | K78: 5 | L78: 75 | M78: 20 | N78: NA | O78: NA | P78: =COUNTA(J78:O78)-COUNTIF(J78:O78,"NA") -> 3 | Q78: =IF(NOT(J78="NA"),1,"NA") -> NA | R78: =IF(NOT(L78="NA"),1,"NA") -> 1 | S78: =IF(NOT(N78="NA"),1,"NA") -> NA | T78: =IF(NOT(O78="NA"),1,"NA") -> NA | U78: =SUM(Q78:T78) -> 1
A79: 374 | B79: 45229 | C79: Indian Lake | D79: Indian | E79: Dolichospermum (40%), Microcystis (10%), Microcystis Debris (50%) | F79: 45229 | G79: Indian Lake | H79: Indian | I79: Dolichospermum (40%), Microcystis (10%), Microcystis Debris (50%) | J79: NA | K79: 40 | L79: 10 | M79: 50 | N79: NA | O79: NA | P79: =COUNTA(J79:O79)-COUNTIF(J79:O79,"NA") -> 3 | Q79: =IF(NOT(J79="NA"),1,"NA") -> NA | R79: =IF(NOT(L79="NA"),1,"NA") -> 1 | S79: =IF(NOT(N79="NA"),1,"NA") -> NA | T79: =IF(NOT(O79="NA"),1,"NA") -> NA | U79: =SUM(Q79:T79) -> 1
A80: 381 | B80: 45229 | C80: Little Indian Lake | D80: L.Indian | E80: Microcystis (100%) | F80: 45229 | G80: Little Indian Lake | H80: L.Indian | I80: Microcystis (100%) | J80: NA | K80: NA | L80: 100 | M80: NA | N80: NA | O80: NA | P80: =COUNTA(J80:O80)-COUNTIF(J80:O80,"NA") -> 1 | Q80: =IF(NOT(J80="NA"),1,"NA") -> NA | R80: =IF(NOT(L80="NA"),1,"NA") -> 1 | S80: =IF(NOT(N80="NA"),1,"NA") -> NA | T80: =IF(NOT(O80="NA"),1,"NA") -> NA | U80: =SUM(Q80:T80) -> 1
A81: 128 | B81: 45117 | C81: Dark Brook Reservoir | D81: Dark.Brook | E81: Dolichospermum (50%), Oscillatoria (50%) | F81: 45117 | G81: Dark Brook Reservoir | H81: Dark.Brook | I81: Dolichospermum (50%), Oscillatoria (50%) | J81: NA | K81: 50 | L81: NA | M81: NA | N81: 50 | O81: NA | P81: =COUNTA(J81:O81)-COUNTIF(J81:O81,"NA") -> 2 | Q81: =IF(NOT(J81="NA"),1,"NA") -> NA | R81: =IF(NOT(L81="NA"),1,"NA") -> NA | S81: =IF(NOT(N81="NA"),1,"NA") -> 1 | T81: =IF(NOT(O81="NA"),1,"NA") -> NA | U81: =SUM(Q81:T81) -> 1 | V81: X
A82: 175 | B82: 45129 | C82: Patch Pond | D82: Patch.P | E82: Oscillatoria (100%) | F82: 45129 | G82: Patch Pond | H82: Patch.P | I82: Oscillatoria (100%) | J82: NA | K82: NA | L82: NA | M82: NA | N82: 100 | O82: NA | P82: =COUNTA(J82:O82)-COUNTIF(J82:O82,"NA") -> 1 | Q82: =IF(NOT(J82="NA"),1,"NA") -> NA | R82: =IF(NOT(L82="NA"),1,"NA") -> NA | S82: =IF(NOT(N82="NA"),1,"NA") -> 1 | T82: =IF(NOT(O82="NA"),1,"NA") -> NA | U82: =SUM(Q82:T82) -> 1 | V82: X
A83: 176 | B83: 45129 | C83: Patch Reservoir | D83: Patch.R | E83: Oscillatoria (100%) | F83: 45129 | G83: Patch Reservoir | H83: Patch.R | I83: Oscillatoria (100%) | J83: NA | K83: NA | L83: NA | M83: NA | N83: 100 | O83: NA | P83: =COUNTA(J83:O83)-COUNTIF(J83:O83,"NA") -> 1 | Q83: =IF(NOT(J83="NA"),1,"NA") -> NA | R83: =IF(NOT(L83="NA"),1,"NA") -> NA | S83: =IF(NOT(N83="NA"),1,"NA") -> 1 | T83: =IF(NOT(O83="NA"),1,"NA") -> NA | U83: =SUM(Q83:T83) -> 1 | V83: X
A84: 206 | B84: 45145 | C84: Patch Reservoir | D84: Patch.R | E84: Oscillatoria (100%) | F84: 45145 | G84: Patch Reservoir | H84: Patch.R | I84: Oscillatoria (100%) | J84: NA | K84: NA | L84: NA | M84: NA | N84: 100 | O84: NA | P84: =COUNTA(J84:O84)-COUNTIF(J84:O84,"NA") -> 1 | Q84: =IF(NOT(J84="NA"),1,"NA") -> NA | R84: =IF(NOT(L84="NA"),1,"NA") -> NA | S84: =IF(NOT(N84="NA"),1,"NA") -> 1 | T84: =IF(NOT(O84="NA"),1,"NA") -> NA | U84: =SUM(Q84:T84) -> 1 | V84: X
A85: 235 | B85: 45157 | C85: Patch Pond | D85: Patch.P | E85: Dolichospermum (50%), Oscillatoria (50%) | F85: 45157 | G85: Patch Pond | H85: Patch.P | I85: Dolichospermum (50%), Oscillatoria (50%) | J85: NA | K85: 50 | L85: NA | M85: NA | N85: 50 | O85: NA | P85: =COUNTA(J85:O85)-COUNTIF(J85:O85,"NA") -> 2 | Q85: =IF(NOT(J85="NA"),1,"NA") -> NA | R85: =IF(NOT(L85="NA"),1,"NA") -> NA | S85: =IF(NOT(N85="NA"),1,"NA") -> 1 | T85: =IF(NOT(O85="NA"),1,"NA") -> NA | U85: =SUM(Q85:T85) -> 1
A86: 236 | B86: 45157 | C86: Patch Reservoir | D86: Patch.R | E86: Dolichospermum (95%), Oscillatoria (5%) | F86: 45157 | G86: Patch Reservoir | H86: Patch.R | I86: Dolichospermum (95%), Oscillatoria (5%) | J86: NA | K86: 95 | L86: NA | M86: NA | N86: 5 | O86: NA | P86: =COUNTA(J86:O86)-COUNTIF(J86:O86,"NA") -> 2 | Q86: =IF(NOT(J86="NA"),1,"NA") -> NA | R86: =IF(NOT(L86="NA"),1,"NA") -> NA | S86: =IF(NOT(N86="NA"),1,"NA") -> 1 | T86: =IF(NOT(O86="NA"),1,"NA") -> NA | U86: =SUM(Q86:T86) -> 1
A87: 195 | B87: 45145 | C87: Indian Lake | D87: Indian | E87: Dolichospermum (50%), Microcystis Debris (10%), Woronichinia (40%) | F87: 45145 | G87: Indian Lake | H87: Indian | I87: Dolichospermum (50%), Microcystis Debris (10%), Woronichinia (40%) | J87: NA | K87: 50 | L87: NA | M87: 10 | N87: NA | O87: 40 | P87: =COUNTA(J87:O87)-COUNTIF(J87:O87,"NA") -> 3 | Q87: =IF(NOT(J87="NA"),1,"NA") -> NA | R87: =IF(NOT(L87="NA"),1,"NA") -> NA | S87: =IF(NOT(N87="NA"),1,"NA") -> NA | T87: =IF(NOT(O87="NA"),1,"NA") -> 1 | U87: =SUM(Q87:T87) -> 1 | V87: X
A88: 224 | B88: 45157 | C88: Green Hill Park Pond | D88: Green.Hill | E88: Dolichospermum (95%), Woronichinia (5%) | F88: 45157 | G88: Green Hill Park Pond | H88: Green.Hill | I88: Dolichospermum (95%), Woronichinia (5%) | J88: NA | K88: 95 | L88: NA | M88: NA | N88: NA | O88: 5 | P88: =COUNTA(J88:O88)-COUNTIF(J88:O88,"NA") -> 2 | Q88: =IF(NOT(J88="NA"),1,"NA") -> NA | R88: =IF(NOT(L88="NA"),1,"NA") -> NA | S88: =IF(NOT(N88="NA"),1,"NA") -> NA | T88: =IF(NOT(O88="NA"),1,"NA") -> 1 | U88: =SUM(Q88:T88) -> 1
A89: 254 | B89: 45174 | C89: Green Hill Park Pond | D89: Green.Hill | E89: Dolichospermum (95%), Woronichinia (5%) | F89: 45174 | G89: Green Hill Park Pond | H89: Green.Hill | I89: Dolichospermum (95%), Woronichinia (5%) | J89: NA | K89: 95 | L89: NA | M89: NA | N89: NA | O89: 5 | P89: =COUNTA(J89:O89)-COUNTIF(J89:O89,"NA") -> 2 | Q89: =IF(NOT(J89="NA"),1,"NA") -> NA | R89: =IF(NOT(L89="NA"),1,"NA") -> NA | S89: =IF(NOT(N89="NA"),1,"NA") -> NA | T89: =IF(NOT(O89="NA"),1,"NA") -> 1 | U89: =SUM(Q89:T89) -> 1
A90: 255 | B90: 45174 | C90: Indian Lake | D90: Indian | E90: Dolichospermum (30%), Microcystis Debris (50%), Woronichinia (20%) | F90: 45174 | G90: Indian Lake | H90: Indian | I90: Dolichospermum (30%), Microcystis Debris (50%), Woronichinia (20%) | J90: NA | K90: 30 | L90: NA | M90: 50 | N90: NA | O90: 20 | P90: =COUNTA(J90:O90)-COUNTIF(J90:O90,"NA") -> 3 | Q90: =IF(NOT(J90="NA"),1,"NA") -> NA | R90: =IF(NOT(L90="NA"),1,"NA") -> NA | S90: =IF(NOT(N90="NA"),1,"NA") -> NA | T90: =IF(NOT(O90="NA"),1,"NA") -> 1 | U90: =SUM(Q90:T90) -> 1 | V90: X
A91: 284 | B91: 45185 | C91: Green Hill Park Pond | D91: Green.Hill | E91: Dolichospermum (95%), Woronichinia (5%) | F91: 45185 | G91: Green Hill Park Pond | H91: Green.Hill | I91: Dolichospermum (95%), Woronichinia (5%) | J91: NA | K91: 95 | L91: NA | M91: NA | N91: NA | O91: 5 | P91: =COUNTA(J91:O91)-COUNTIF(J91:O91,"NA") -> 2 | Q91: =IF(NOT(J91="NA"),1,"NA") -> NA | R91: =IF(NOT(L91="NA"),1,"NA") -> NA | S91: =IF(NOT(N91="NA"),1,"NA") -> NA | T91: =IF(NOT(O91="NA"),1,"NA") -> 1 | U91: =SUM(Q91:T91) -> 1
A92: 289 | B92: 45185 | C92: Lake Lashaway | D92: Lashaway | E92: Dolichospermum (50%), Woronichinia (50%) | F92: 45185 | G92: Lake Lashaway | H92: Lashaway | I92: Dolichospermum (50%), Woronichinia (50%) | J92: NA | K92: 50 | L92: NA | M92: NA | N92: NA | O92: 50 | P92: =COUNTA(J92:O92)-COUNTIF(J92:O92,"NA") -> 2 | Q92: =IF(NOT(J92="NA"),1,"NA") -> NA | R92: =IF(NOT(L92="NA"),1,"NA") -> NA | S92: =IF(NOT(N92="NA"),1,"NA") -> NA | T92: =IF(NOT(O92="NA"),1,"NA") -> 1 | U92: =SUM(Q92:T92) -> 1 | V92: X
A93: 314 | B93: 45201 | C93: Green Hill Park Pond | D93: Green.Hill | E93: Dolichospermum (90%), Woronichinia (10%) | F93: 45201 | G93: Green Hill Park Pond | H93: Green.Hill | I93: Dolichospermum (90%), Woronichinia (10%) | J93: NA | K93: 90 | L93: NA | M93: NA | N93: NA | O93: 10 | P93: =COUNTA(J93:O93)-COUNTIF(J93:O93,"NA") -> 2 | Q93: =IF(NOT(J93="NA"),1,"NA") -> NA | R93: =IF(NOT(L93="NA"),1,"NA") -> NA | S93: =IF(NOT(N93="NA"),1,"NA") -> NA | T93: =IF(NOT(O93="NA"),1,"NA") -> 1 | U93: =SUM(Q93:T93) -> 1
A94: 315 | B94: 45201 | C94: Indian Lake | D94: Indian | E94: Dolichospermum (20%), Microcystis Debris (75%), Woronichinia (5%) | F94: 45201 | G94: Indian Lake | H94: Indian | I94: Dolichospermum (20%), Microcystis Debris (75%), Woronichinia (5%) | J94: NA | K94: 20 | L94: NA | M94: 75 | N94: NA | O94: 5 | P94: =COUNTA(J94:O94)-COUNTIF(J94:O94,"NA") -> 3 | Q94: =IF(NOT(J94="NA"),1,"NA") -> NA | R94: =IF(NOT(L94="NA"),1,"NA") -> NA | S94: =IF(NOT(N94="NA"),1,"NA") -> NA | T94: =IF(NOT(O94="NA"),1,"NA") -> 1 | U94: =SUM(Q94:T94) -> 1 | V94: X
A95: 334 | B95: 45213 | C95: Coes Reservoir | D95: Coes.R | E95: Dolichospermum (50%), Microcystis Debris (10%), Woronichinia (40%) | F95: 45213 | G95: Coes Reservoir | H95: Coes.R | I95: Dolichospermum (50%), Microcystis Debris (10%), Woronichinia (40%) | J95: NA | K95: 50 | L95: NA | M95: 10 | N95: NA | O95: 40 | P95: =COUNTA(J95:O95)-COUNTIF(J95:O95,"NA") -> 3 | Q95: =IF(NOT(J95="NA"),1,"NA") -> NA | R95: =IF(NOT(L95="NA"),1,"NA") -> NA | S95: =IF(NOT(N95="NA"),1,"NA") -> NA | T95: =IF(NOT(O95="NA"),1,"NA") -> 1 | U95: =SUM(Q95:T95) -> 1 | V95: X
A96: 363 | B96: 45229 | C96: Coes Reservoir | D96: Coes.R | E96: Dolichospermum (75%), Woronichinia (25%) | F96: 45229 | G96: Coes Reservoir | H96: Coes.R | I96: Dolichospermum (75%), Woronichinia (25%) | J96: NA | K96: 75 | L96: NA | M96: NA | N96: NA | O96: 25 | P96: =COUNTA(J96:O96)-COUNTIF(J96:O96,"NA") -> 2 | Q96: =IF(NOT(J96="NA"),1,"NA") -> NA | R96: =IF(NOT(L96="NA"),1,"NA") -> NA | S96: =IF(NOT(N96="NA"),1,"NA") -> NA | T96: =IF(NOT(O96="NA"),1,"NA") -> 1 | U96: =SUM(Q96:T96) -> 1
A97: 1 | B97: 45045 | C97: Bell Pond | D97: Bell | E97: none | F97: 45045 | G97: Bell Pond | H97: Bell | I97: none | J97: NA | K97: NA | L97: NA | M97: NA | N97: NA | O97: NA | P97: =COUNTA(J97:O97)-COUNTIF(J97:O97,"NA") -> 0 | Q97: =IF(NOT(J97="NA"),1,"NA") -> NA | R97: =IF(NOT(L97="NA"),1,"NA") -> NA | S97: =IF(NOT(N97="NA"),1,"NA") -> NA | T97: =IF(NOT(O97="NA"),1,"NA") -> NA | U97: =SUM(Q97:T97) -> 0
A98: 3 | B98: 45045 | C98: Coes Pond | D98: Coes.P | E98: NA | F98: 45045 | G98: Coes Pond | H98: Coes.P | I98: NA | J98: NA | K98: NA | L98: NA | M98: NA | N98: NA | O98: NA | P98: =COUNTA(J98:O98)-COUNTIF(J98:O98,"NA") -> 0 | Q98: =IF(NOT(J98="NA"),1,"NA") -> NA | R98: =IF(NOT(L98="NA"),1,"NA") -> NA | S98: =IF(NOT(N98="NA"),1,"NA") -> NA | T98: =IF(NOT(O98="NA"),1,"NA") -> NA | U98: =SUM(Q98:T98) -> 0
A99: 4 | B99: 45045 | C99: Coes Reservoir | D99: Coes.R | E99: none | F99: 45045 | G99: Coes Reservoir | H99: Coes.R | I99: none | J99: NA | K99: NA | L99: NA | M99: NA | N99: NA | O99: NA | P99: =COUNTA(J99:O99)-COUNTIF(J99:O99,"NA") -> 0 | Q99: =IF(NOT(J99="NA"),1,"NA") -> NA | R99: =IF(NOT(L99="NA"),1,"NA") -> NA | S99: =IF(NOT(N99="NA"),1,"NA") -> NA | T99: =IF(NOT(O99="NA"),1,"NA") -> NA | U99: =SUM(Q99:T99) -> 0
A100: 5 | B100: 45045 | C100: Cooks Pond | D100: Crooks | E100: none | F100: 45045 | G100: Cooks Pond | H100: Crooks | I100: none | J100: NA | K100: NA | L100: NA | M100: NA | N100: NA | O100: NA | P100: =COUNTA(J100:O100)-COUNTIF(J100:O100,"NA") -> 0 | Q100: =IF(NOT(J100="NA"),1,"NA") -> NA | R100: =IF(NOT(L100="NA"),1,"NA") -> NA | S100: =IF(NOT(N100="NA"),1,"NA") -> NA | T100: =IF(NOT(O100="NA"),1,"NA") -> NA | U100: =SUM(Q100:T100) -> 0
...

Sheet Pond name mapping
B2: Folder_name_replace#forspace | C2: Short.pond.name
B3: Bell#Pond | C3: Bell
B4: Bell | C4: Burncoat
B5: Burncoat#1 | C5: Burncoat
B6: Burncoat#Pond | C6: Burncoat
B7: Burncoat | C7: Burncoat
B8: Chauncy | C8: Chauncy
B9: Coes#Res | C9: Coes.R
B10: Coes#Reservoir | C10: Coes.R
B11: Coes | C11: Coes
B12: CoesPond | C12: Coes.R
B13: CoesRes | C13: Coes.R
... B91: Waushacum | C91: E.Waushacum

Sheet folder names img count cmds
A3: Folder | B3: Date | C3: Year | D3: Month | E3: Day | F3: Pond | G3: Pond.edit | H3: Date | I3: Pond.date | J3: edit folder name
A4: Bell Pond_5.15.2023_10X_TR1 no dilution-pp | B4: 45061 | C4: 2023 | D4: 5 | E4: 15 | F4: Bell#Pond | G4: =VLOOKUP(F4,'Pond name mapping'!B$3:C$91,2,FALSE) -> Bell | H4: 2023-05-15 | I4: =CONCATENATE(G4,"#",H4) -> Bell#2023-05-15 | J4: Bell\ Pond_5.15.2023_10X_TR1\ no\ dilution-pp
A5: Bell Pond_5.27.23_10x_AI1 no dilution-pp | B5: 45073 | C5: 2023 | D5: 5 | E5: 27 | F5: Bell#Pond | G5: =VLOOKUP(F5,'Pond name mapping'!B$3:C$91,2,FALSE) -> Bell | H5: 2023-05-27 | I5: =CONCATENATE(G5,"#",H5) -> Bell#2023-05-27 | J5: Bell\ Pond_5.27.23_10x_AI1\ no\ dilution-pp
A6: Bell Pond_6.12.2023_10x_TM no dilution-pp | B6: 45089 | C6: 2023 | D6: 6 | E6: 12 | F6: Bell#Pond | G6: =VLOOKUP(F6,'Pond name mapping'!B$3:C$91,2,FALSE) -> Bell | H6: 2023-06-12 | I6: =CONCATENATE(G6,"#",H6) -> Bell#2023-06-12 | J6: Bell\ Pond_6.12.2023_10x_TM\ no\ dilution-pp
A7: Bell Pond_6.24.2023_10x_TM no dilution-pp | B7: 45101 | C7: 2023 | D7: 6 | E7: 24 | F7: Bell#Pond | G7: =VLOOKUP(F7,'Pond name mapping'!B$3:C$91,2,FALSE) -> Bell | H7: 2023-06-24 | I7: =CONCATENATE(G7,"#",H7) -> Bell#2023-06-24 | J7: Bell\ Pond_6.24.2023_10x_TM\ no\ dilution-pp
A8: Bell Pond_7.10.2023_10x_TM 0.5 dilution-pp | B8: 45117 | C8: 2023 | D8: 7 | E8: 10 | F8: Bell#Pond | G8: =VLOOKUP(F8,'Pond name mapping'!B$3:C$91,2,FALSE) -> Bell | H8: 2023-07-10 | I8: =CONCATENATE(G8,"#",H8) -> Bell#2023-07-10 | J8: Bell\ Pond_7.10.2023_10x_TM\ 0.5\ dilution-pp
A9: Bell Pond_7.22.2023_10x_TM 0.5 dilution-PP | B9: 45129 | C9: 2023 | D9: 7 | E9: 22 | F9: Bell#Pond | G9: =VLOOKUP(F9,'Pond name mapping'!B$3:C$91,2,FALSE) -> Bell | H9: 2023-07-22 | I9: =CONCATENATE(G9,"#",H9) -> Bell#2023-07-22 | J9: Bell\ Pond_7.22.2023_10x_TM\ 0.5\ dilution-PP
A10: Bell Pond_8.7.2023_10x_TM 0.5 dilution-pp | B10: 45145 | C10: 2023 | D10: 8 | E10: 7 | F10: Bell#Pond | G10: =VLOOKUP(F10,'Pond name mapping'!B$3:C$91,2,FALSE) -> Bell | H10: 2023-08-07 | I10: =CONCATENATE(G10,"#",H10) -> Bell#2023-08-07 | J10: Bell\ Pond_8.7.2023_10x_TM\ 0.5\ dilution-pp
A11: Bell Pond_8.19.2023_10x_TM 0.5 dilution-PP | B11: 45157 | C11: 2023 | D11: 8 | E11: 19 | F11: Bell#Pond | G11: =VLOOKUP(F11,'Pond name mapping'!B$3:C$91,2,FALSE) -> Bell | H11: 2023-08-19 | I11: =CONCATENATE(G11,"#",H11) -> Bell#2023-08-19 | J11: Bell\ Pond_8.19.2023_10x_TM\ 0.5\ dilution-PP
A12: Bell Pond_9.16.2023_10x_TM 0.5 dilution-pp | B12: 45185 | C12: 2023 | D12: 9 | E12: 16 | F12: Bell#Pond | G12: =VLOOKUP(F12,'Pond name mapping'!B$3:C$91,2,FALSE) -> Bell | H12: 2023-09-16 | I12: =CONCATENATE(G12,"#",H12) -> Bell#2023-09-16 | J12: Bell\ Pond_9.16.2023_10x_TM\ 0.5\ dilution-pp
A13: Bell Pond_10.2.2023_10x_TM 0.5 dilution 1-pp | B13: 45201 | C13: 2023 | D13: 10 | E13: 2 | F13: Bell#Pond | G13: =VLOOKUP(F13,'Pond name mapping'!B$3:C$91,2,FALSE) -> Bell | H13: 2023-10-02 | I13: =CONCATENATE(G13,"#",H13) -> Bell#2023-10-02 | J13: Bell\ Pond_10.2.2023_10x_TM\ 0.5\ dilution\ 1-pp
A14: Bell Pond_10.14.2023_10x_TM 0.5 dilution -pp | B14: 45213 | C14: 2023 | D14: 10 | E14: 14 | F14: Bell#Pond | G14: =VLOOKUP(F14,'Pond name mapping'!B$3:C$91,2,FALSE) -> Bell | H14: 2023-10-14 | I14: =CONCATENATE(G14,"#",H14) -> Bell#2023-10-14 | J14: Bell\ Pond_10.14.2023_10x_TM\ 0.5\ dilution\ -pp
A15: Bell_4.29.23_10x_TR1 no dilution-pp | B15: 45045 | C15: 2023 | D15: 4 | E15: 29 | F15: Bell | G15: =VLOOKUP(F15,'Pond name mapping'!B$3:C$91,2,FALSE) -> Burncoat | H15: 2023-04-29 | I15: =CONCATENATE(G15,"#",H15) -> Burncoat#2023-04-29 | J15: Bell_4.29.23_10x_TR1\ no\ dilution-pp
... A651: Waushacum_CR9.24.22_10x_TR1-pp | B651: 44828 | C651: 2022 | D651: 9 | E651: 24 | F651: Waushacum | G651: =VLOOKUP(F651,'Pond name mapping'!B$3:C$91,2,FALSE) -> E.Waushacum | H651: 2022-09-24 | I651: =CONCATENATE(G651,"#",H651) -> E.Waushacum#2022-09-24 | J651: Waushacum_CR9.24.22_10x_TR1-pp

Sheet match 9.16 ...
C1: Match 9/16 samples?
C3: Bell Pond_9.16.2023_10x_TM 0.5 dilution-pp | D3: Bell Pond | E3: Bell | F3: none
D4: Burncoat Pond | E4: Burncoat | F4: NA
C5: Cooks Pond_9.16.2023_10x_TM 0.5 dilution-pp | D5: Coes Pond | E5: Coes.P | F5: NA
C6: Coes Reservoir_9.16.2023_10x_TM 0.5 dilution-pp | D6: Coes Reservoir | E6: Coes.R | F6: Aphanizomenon (25%), Dolichospermum (75%)
D7: Cooks Pond | E7: Crooks | F7: Microcystis Debris (100%)
C8: Crystal Pond_9.16.2023_10x_TM 0.5 dilution | D8: Crystal Pond | E8: Crystal | F8: none
C9: Crystal Pond_9.16.2023_10x_TM 0.5 dilution-pp
D10: Curtis Pond | E10: Curtis | F10: NA
D11: Dark Brook Reservoir | E11: Dark.Brook | F11: NA
C12: Waushacum_9.16.2023_10x_TM 0.5 dilution-pp | D12: East Lake Waushacum | E12: E.Waushacum | F12: none
C13: Ecotarium_9.16.2023_10x_TM 0.1 dilution-pp | D13: Ecotarium Pond | E13: Ecotarium | F13: none
C14: Elm Park_9.16.2023_10x_TM 0.1 dilution-pp | D14: Elm Park Pond | E14: Elm | F14: Dolichospermum (75%), Microcystis Debris (25%)
C15: Farm Pond_9.16.2023_10x_TM 0.5 dilution-pp | D15: Farm Pond | E15: Farm | F15: Dolichospermum (100%)
D16: Flint Pond | E16: Flint | F16: NA
C17: Green Hill Pond_9.16.2023_10x_TM 0.1 dilution | D17: Green Hill Park Pond | E17: Green.Hill | F17: Dolichospermum (95%), Woronichinia (5%)
C18: Green Hill Pond_9.16.2023_10x_TM 0.1 dilution-pp
C19: Indian Lake_9.16.2023_10x_TM 0.5 dilution-pp | D19: Indian Lake | E19: Indian | F19: Microcystis (10%), Microcystis Debris (85%), Woronichinia (5%)
C20: UNKNOWN_9.16.2023_10x_TM 0.5 dilution | D20: Jordan Pond | E20: Jordan | F20: Microcystis (75%), Microcystis Debris (5%), Oscillatoria (20%)
C21: Kiver Pond_9.16.2023_10x_TM 0.1 dilution-pp | D21: Kiver Pond | E21: Kiver | F21: NA
C22: Lake Chauncy_9.16.2023_10x_TM 0.5 dilution-pp | D22: Lake Chauncy | E22: Chauncy | F22: Aphanizomenon (10%), Dolichospermum (60%), Microcystis (15%), Microcystis Debris (15%), Woronichinia (0%)
C23: Lake Lashaway_9.16.2023_10x_TM 0.5 dilution-pp | D23: Lake Lashaway | E23: Lashaway | F23: Dolichospermum (50%), Woronichinia (50%)
C24: Lake Quinsigamond_9.16.2023_10x_TM 0.5 dilution-pp | D24: Lake Quinsigamond | E24: Quinsigamond | F24: Aphanizomenon (50%), Dolichospermum (45%), Microcystis Debris (5%)
C25: Leesville Pond_9.16.2023_10x_TM 0.5 dilution-pp | D25: Leeseville Pond | E25: Leesville | F25: none
C26: Little Indian_9.16.2023_10x_TM 0.1 dilution-pp | D26: Little Indian Lake | E26: L.Indian | F26: Aphanizomenon (20%), Dolichospermum (75%), Microcystis (5%)
C27: Manchaug Pond_9.16.2023_10x_TM 0.5 dilution-pp | D27: Manchaug Pond | E27: Manchaug | F27: Dolichospermum (50%), Microcystis (50%)
C28: Newton Pond_9.16.2023_10x_TM 0.5 dilution-pp | D28: Newton Pond | E28: Newton | F28: none
C29: Patch Pond_9.16.2023_10x_TM 0.5 dilution-pp | D29: Patch Pond | E29: Patch.P | F29: Dolichospermum (100%)
C30: Patch Res_9.16.2023_10x_TM 0.5 dilution-pp | D30: Patch Reservoir | E30: Patch.R | F30: Dolichospermum (75%), Oscillatoria (20%), Woronichinia (5%)
C31: Salisbury Pond_9.16.2023_10x_TM 0.5 dilution | D31: Salisbury Pond | E31: Salisbury | F31: Microcystis Debris (100%)
C32: Salisbury Pond_9.16.2023_10x_TM 0.5 dilution-pp
D33: Singletary Lake | E33: Singletary | F33: NA
C34: Stevens Pond_9.16.2023_10x_TM 0.5 dilution-pp | D34: Stevens Pond | E34: Stevens | F34: Dolichospermum
C35: Lake Ellie_9.16.2023_10x_TM 0.1 dilution-pp | D35: Lake ellie | E35: Ellie | F35: none
